﻿<?xml version="1.0" encoding="utf-8"?>
<deployment>
  <id>0b69b1236f5846a29fb628db93d017a0</id>
  <author>N/A</author>
  <deployer>OneDeploy</deployer>
  <authorEmail>N/A</authorEmail>
  <message>OneDeploy</message>
  <progress></progress>
  <status>Success</status>
  <statusText></statusText>
  <lastSuccessEndTime>2025-08-17T17:04:07.6907134Z</lastSuccessEndTime>
  <receivedTime>2025-08-17T17:04:05.6594596Z</receivedTime>
  <startTime>2025-08-17T17:04:05.8000892Z</startTime>
  <endTime>2025-08-17T17:04:07.6907134Z</endTime>
  <complete>True</complete>
  <is_temp>False</is_temp>
  <is_readonly>True</is_readonly>
  <project_type>OneDeploy</project_type>
  <vsproject_id></vsproject_id>
</deployment>