﻿<?xml version="1.0" encoding="utf-8"?>
<deployment>
  <id>4c7141b61ae64a67ac1b4221d4a9d06f</id>
  <author>N/A</author>
  <deployer>OneDeploy</deployer>
  <authorEmail>N/A</authorEmail>
  <message>OneDeploy</message>
  <progress></progress>
  <status>Success</status>
  <statusText></statusText>
  <lastSuccessEndTime>2025-08-17T15:46:31.0610314Z</lastSuccessEndTime>
  <receivedTime>2025-08-17T15:46:27.1704055Z</receivedTime>
  <startTime>2025-08-17T15:46:27.3266507Z</startTime>
  <endTime>2025-08-17T15:46:31.0610314Z</endTime>
  <complete>True</complete>
  <is_temp>False</is_temp>
  <is_readonly>True</is_readonly>
  <project_type>OneDeploy</project_type>
  <vsproject_id></vsproject_id>
</deployment>