<step title="Incoming Request" date="2025-08-17T13:21:45.582" instance="92ca53" url="/api/publish?type=zip" method="POST" type="request" pid="19016,2,63" Cache-Control="no-cache" Content-Length="41172749" Content-Type="application/octet-stream" Accept="*/*" Accept-Encoding="gzip, deflate" Authorization="Bas..." Host="bookreviewapp-1755367448.scm.azurewebsites.net" User-Agent="AZURECLI/2.76.0 (DEB)" x-ms-client-request-id="18d617ba-7b6d-11f0-9a4d-00163ebab6ce" X-ARR-LOG-ID="18d617ba-7b6d-11f0-9a4d-00163ebab6ce" CLIENT-IP="102.164.1.247:42076" X-SITE-DEPLOYMENT-ID="bookreviewapp-1755367448" WAS-DEFAULT-HOSTNAME="bookreviewapp-1755367448.scm.azurewebsites.net" X-Forwarded-Proto="https" X-AppService-Proto="https" X-Forwarded-TlsVersion="1.3" X-WAWS-Unencoded-URL="/api/publish?type=zip" >
  <step title="Cleanup Xml Logs" date="2025-08-17T13:21:45.582" /><!-- duration: 16ms -->
  <step title="OneDeploy" date="2025-08-17T13:21:46.394" >
    <step title="Starting PushDeployAsync" date="2025-08-17T13:21:46.410" /><!-- duration: 0ms -->
    <step title="Updating shutdown sentinel last write time" date="2025-08-17T13:21:46.425" SemaphoreCount="7" /><!-- duration: 0ms -->
    <step title="LockFile &apos;C:\home\site\locks\deployments.lock&apos; acquired" date="2025-08-17T13:21:46.441" /><!-- duration: 0ms -->
    <step title="Saving request content to C:\local\Temp\zipdeploy\qno3pkgr.zip" date="2025-08-17T13:21:46.441" >
      <step title="Writing 3,223,552 bytes to C:\local\Temp\zipdeploy\qno3pkgr.zip" date="2025-08-17T13:22:16.593" /><!-- duration: 0ms -->
      <step title="Writing 6,320,128 bytes to C:\local\Temp\zipdeploy\qno3pkgr.zip" date="2025-08-17T13:22:46.656" /><!-- duration: 16ms -->
      <step title="Writing 9,842,688 bytes to C:\local\Temp\zipdeploy\qno3pkgr.zip" date="2025-08-17T13:23:16.742" /><!-- duration: 16ms -->
      <step title="Writing 13,348,864 bytes to C:\local\Temp\zipdeploy\qno3pkgr.zip" date="2025-08-17T13:23:46.818" /><!-- duration: 16ms -->
      <step title="Writing 16,429,056 bytes to C:\local\Temp\zipdeploy\qno3pkgr.zip" date="2025-08-17T13:24:16.876" /><!-- duration: 16ms -->
      <step title="Writing 19,935,232 bytes to C:\local\Temp\zipdeploy\qno3pkgr.zip" date="2025-08-17T13:24:47.485" /><!-- duration: 16ms -->
      <step title="Writing 23,310,336 bytes to C:\local\Temp\zipdeploy\qno3pkgr.zip" date="2025-08-17T13:25:17.618" /><!-- duration: 16ms -->
      <step title="Writing 26,832,896 bytes to C:\local\Temp\zipdeploy\qno3pkgr.zip" date="2025-08-17T13:25:47.658" /><!-- duration: 16ms -->
      <step title="Writing 30,355,456 bytes to C:\local\Temp\zipdeploy\qno3pkgr.zip" date="2025-08-17T13:26:17.768" /><!-- duration: 16ms -->
      <step title="Writing 33,910,784 bytes to C:\local\Temp\zipdeploy\qno3pkgr.zip" date="2025-08-17T13:26:47.929" /><!-- duration: 0ms -->
      <step title="Writing 37,482,496 bytes to C:\local\Temp\zipdeploy\qno3pkgr.zip" date="2025-08-17T13:27:17.960" /><!-- duration: 0ms -->
      <step title="Writing 41,021,440 bytes to C:\local\Temp\zipdeploy\qno3pkgr.zip" date="2025-08-17T13:27:47.991" /><!-- duration: 0ms -->
      <step title="Total 41,172,749 bytes written to C:\local\Temp\zipdeploy\qno3pkgr.zip" date="2025-08-17T13:27:49.241" /><!-- duration: 0ms -->
    </step><!-- duration: 362816ms -->
    <step title="LockFile &apos;C:\home\site\locks\deployments.lock&apos; released" date="2025-08-17T13:27:49.272" /><!-- duration: 16ms -->
    <step title="Deleting shutdown sentinel file" date="2025-08-17T13:27:49.288" SemaphoreCount="8" /><!-- duration: 16ms -->
    <step title="Starting FetchDeploy" date="2025-08-17T13:27:49.304" /><!-- duration: 0ms -->
    <step title="Attempting to fetch target branch HEAD" date="2025-08-17T13:27:49.319" /><!-- duration: 0ms -->
    <step title="Updating shutdown sentinel last write time" date="2025-08-17T13:27:49.335" SemaphoreCount="7" /><!-- duration: 0ms -->
    <step title="LockFile &apos;C:\home\site\locks\deployments.lock&apos; acquired" date="2025-08-17T13:27:49.335" /><!-- duration: 16ms -->
    <step title="Performing fetch based deployment" date="2025-08-17T13:27:49.351" >
      <step title="Creating temporary deployment" date="2025-08-17T13:27:49.366" /><!-- duration: 31ms -->
      <step title="Fetching changes." date="2025-08-17T13:27:49.460" /><!-- duration: 0ms -->
      <step title="Starting LocalZipHandler" date="2025-08-17T13:27:49.476" /><!-- duration: 0ms -->
      <step title="Starting LocalZipFetch" date="2025-08-17T13:27:49.491" /><!-- duration: 0ms -->
      <step title="Cleaning up temp folders from previous zip deployments and extracting pushed zip file C:\local\Temp\zipdeploy\qno3pkgr.zip (39.27 MB) to C:\local\Temp\zipdeploy\extracted" date="2025-08-17T13:27:49.491" /><!-- duration: 16ms -->
      <step title="Cleaning up temp folders from previous zip deployments and extracting pushed zip file C:\local\Temp\zipdeploy\qno3pkgr.zip (39.27 MB) to C:\local\Temp\zipdeploy\extracted" date="2025-08-17T13:27:49.507" >
        <step title="Extracting 266 entries to C:\local\Temp\zipdeploy\extracted directory" date="2025-08-17T13:27:49.522" >
          <step title="Extracting to C:\local\Temp\zipdeploy\extracted\appsettings.json ..." date="2025-08-17T13:27:49.522" /><!-- duration: 16ms -->
          <step title="Extracting to C:\local\Temp\zipdeploy\extracted\appsettings.Production.json ..." date="2025-08-17T13:27:49.538" /><!-- duration: 0ms -->
          <step title="Extracting to C:\local\Temp\zipdeploy\extracted\appsettings.Development.json ..." date="2025-08-17T13:27:49.538" /><!-- duration: 16ms -->
          <step title="Extracting to C:\local\Temp\zipdeploy\extracted\BookReviewApp.Web.dll ..." date="2025-08-17T13:27:49.554" /><!-- duration: 16ms -->
          <step title="Extracting to C:\local\Temp\zipdeploy\extracted\BookReviewApp.Web.runtimeconfig.json ..." date="2025-08-17T13:27:49.569" /><!-- duration: 0ms -->
          <step title="Omitting extracting file traces ..." date="2025-08-17T13:27:49.585" /><!-- duration: 0ms -->
        </step><!-- duration: 1141ms -->
      </step><!-- duration: 1172ms -->
      <step title="None repository commit" date="2025-08-17T13:27:50.679" >
        <step title="Commit id: f4f05a82e02345cca2ccd5b3b854200e" date="2025-08-17T13:27:50.694" Message="OneDeploy" AuthorName="N/A" AuthorEmail="N/A" /><!-- duration: 0ms -->
      </step><!-- duration: 16ms -->
      <step title="Before sending BuildRequestReceived status to /api/updatedeploystatus" date="2025-08-17T13:27:50.694" /><!-- duration: 16ms -->
      <step title="DeploymentManager.Deploy(id:f4f05a82e02345cca2ccd5b3b854200e)" date="2025-08-17T13:27:50.710" >
        <step title="Collecting changeset information" date="2025-08-17T13:27:50.726" /><!-- duration: 31ms -->
        <step title="Updating submodules" date="2025-08-17T13:27:50.757" >
          <step title="Updating submodules." date="2025-08-17T13:27:50.819" /><!-- duration: 0ms -->
        </step><!-- duration: 78ms -->
        <step title="Preparing deployment for commit id &apos;f4f05a82e0&apos;." date="2025-08-17T13:27:50.882" /><!-- duration: 0ms -->
        <step title="Determining deployment builder" date="2025-08-17T13:27:50.929" >
          <step title="Builder is OneDeployBuilder" date="2025-08-17T13:27:50.929" /><!-- duration: 0ms -->
        </step><!-- duration: 16ms -->
        <step title="Copying SSH keys" date="2025-08-17T13:27:50.960" /><!-- duration: 0ms -->
        <step title="Building" date="2025-08-17T13:27:50.976" >
          <step title="Running build. Project type: OneDeploy" date="2025-08-17T13:27:51.007" /><!-- duration: 16ms -->
          <step title="Copying the manifest" date="2025-08-17T13:27:51.069" /><!-- duration: 0ms -->
          <step title="Clean deploying to C:\home\site\wwwroot" date="2025-08-17T13:27:51.163" /><!-- duration: 0ms -->
          <step title="Generating deployment script." date="2025-08-17T13:27:51.226" /><!-- duration: 0ms -->
          <step title="Generating deployment script" date="2025-08-17T13:27:51.241" >
            <step title="Using cached version of the deployment script for command: -y --no-dot-deployment -r &quot;C:\local\Temp\zipdeploy\extracted&quot; -o &quot;C:\home\site\deployments\tools&quot; --basic --sitePath &quot;C:\local\Temp\zipdeploy\extracted&quot;" date="2025-08-17T13:27:51.272" /><!-- duration: 0ms -->
            <step title="Using cached version of deployment script (command: &apos;azure -y --no-dot-deployment -r &quot;C:\local\Temp\zipdeploy\extracted&quot; -o &quot;C:\home\site\deployments\tools&quot; --basic --sitePath &quot;C:\local\Temp\zipdeploy\extracted&quot;&apos;)." date="2025-08-17T13:27:51.288" /><!-- duration: 16ms -->
          </step><!-- duration: 78ms -->
          <step title="Running deployment command..." date="2025-08-17T13:27:51.351" /><!-- duration: 16ms -->
          <step title="Command: &quot;C:\home\site\deployments\tools\deploy.cmd&quot;" date="2025-08-17T13:27:51.382" /><!-- duration: 0ms -->
          <step title="Executing external process" date="2025-08-17T13:27:51.397" type="process" path="starter.cmd" arguments="&quot;C:\home\site\deployments\tools\deploy.cmd&quot;" >
            <step title="Handling Basic Web Site deployment." date="2025-08-17T13:27:51.538" /><!-- duration: 0ms -->
            <step title="Creating app_offline.htm" date="2025-08-17T13:27:51.835" /><!-- duration: 0ms -->
            <step title="KuduSync.NET from: &apos;C:\local\Temp\zipdeploy\extracted&apos; to: &apos;C:\home\site\wwwroot&apos;" date="2025-08-17T13:27:51.944" /><!-- duration: 16ms -->
            <step title="Deleting file: &apos;appsettings.Atlas.json&apos;" date="2025-08-17T13:27:51.960" /><!-- duration: 16ms -->
            <step title="Deleting file: &apos;appsettings.LocalMongo.json&apos;" date="2025-08-17T13:27:51.991" /><!-- duration: 0ms -->
            <step title="Deleting file: &apos;BookReviewApp.db&apos;" date="2025-08-17T13:27:52.007" /><!-- duration: 0ms -->
            <step title="Copying file: &apos;BookReviewApp.Web&apos;" date="2025-08-17T13:27:52.022" /><!-- duration: 0ms -->
            <step title="Copying file: &apos;BookReviewApp.Web.dll&apos;" date="2025-08-17T13:27:52.038" /><!-- duration: 16ms -->
            <step title="Copying file: &apos;BookReviewApp.Web.pdb&apos;" date="2025-08-17T13:27:52.069" /><!-- duration: 0ms -->
            <step title="Deleting file: &apos;publish\publish\appsettings.Atlas.json&apos;" date="2025-08-17T13:27:52.085" /><!-- duration: 0ms -->
            <step title="Deleting file: &apos;publish\publish\appsettings.Development.json&apos;" date="2025-08-17T13:27:52.101" /><!-- duration: 0ms -->
            <step title="Deleting file: &apos;publish\publish\appsettings.json&apos;" date="2025-08-17T13:27:52.116" /><!-- duration: 0ms -->
            <step title="Deleting file: &apos;publish\publish\appsettings.LocalMongo.json&apos;" date="2025-08-17T13:27:52.132" /><!-- duration: 0ms -->
            <step title="Deleting file: &apos;publish\publish\appsettings.Production.json&apos;" date="2025-08-17T13:27:52.147" /><!-- duration: 0ms -->
            <step title="Deleting file: &apos;publish\publish\BookReviewApp.Web.deps.json&apos;" date="2025-08-17T13:27:52.163" /><!-- duration: 16ms -->
            <step title="Deleting file: &apos;publish\publish\BookReviewApp.Web.runtimeconfig.json&apos;" date="2025-08-17T13:27:52.194" /><!-- duration: 0ms -->
            <step title="Deleting file: &apos;publish\publish\web.config&apos;" date="2025-08-17T13:27:52.210" /><!-- duration: 0ms -->
            <step title="Deleting file: &apos;publish\publish\publish\appsettings.Atlas.json&apos;" date="2025-08-17T13:27:52.226" /><!-- duration: 0ms -->
            <step title="Deleting file: &apos;publish\publish\publish\appsettings.Development.json&apos;" date="2025-08-17T13:27:52.241" /><!-- duration: 16ms -->
            <step title="Deleting file: &apos;publish\publish\publish\appsettings.json&apos;" date="2025-08-17T13:27:52.257" /><!-- duration: 16ms -->
            <step title="Deleting file: &apos;publish\publish\publish\appsettings.LocalMongo.json&apos;" date="2025-08-17T13:27:54.601" /><!-- duration: 16ms -->
            <step title="Deleting file: &apos;publish\publish\publish\appsettings.Production.json&apos;" date="2025-08-17T13:27:54.616" /><!-- duration: 16ms -->
            <step title="Deleting file: &apos;publish\publish\publish\BookReviewApp.Web.deps.json&apos;" date="2025-08-17T13:27:54.632" /><!-- duration: 16ms -->
            <step title="Deleting file: &apos;publish\publish\publish\BookReviewApp.Web.runtimeconfig.json&apos;" date="2025-08-17T13:27:54.663" /><!-- duration: 0ms -->
            <step title="Deleting file: &apos;publish\publish\publish\web.config&apos;" date="2025-08-17T13:27:54.679" /><!-- duration: 0ms -->
            <step title="Deleting directory: &apos;publish\publish\publish&apos;" date="2025-08-17T13:27:54.694" /><!-- duration: 0ms -->
            <step title="Deleting directory: &apos;publish\publish&apos;" date="2025-08-17T13:27:54.710" /><!-- duration: 0ms -->
            <step title="Deleting file: &apos;publish\appsettings.Atlas.json&apos;" date="2025-08-17T13:27:54.726" /><!-- duration: 16ms -->
            <step title="Deleting file: &apos;publish\appsettings.LocalMongo.json&apos;" date="2025-08-17T13:27:54.757" /><!-- duration: 0ms -->
            <step title="Copying file: &apos;publish\BookReviewApp.Web.deps.json&apos;" date="2025-08-17T13:27:54.772" /><!-- duration: 0ms -->
            <step title="Copying file: &apos;publish\BookReviewApp.Web.runtimeconfig.json&apos;" date="2025-08-17T13:27:54.788" /><!-- duration: 0ms -->
            <step title="Copying file: &apos;wwwroot\images\placeholder.jpg&apos;" date="2025-08-17T13:27:54.804" /><!-- duration: 0ms -->
            <step title="Copying file: &apos;wwwroot\images\authors\orwell.jpg&apos;" date="2025-08-17T13:27:54.819" /><!-- duration: 0ms -->
            <step title="Copying file: &apos;wwwroot\images\authors\tolkien.jpg&apos;" date="2025-08-17T13:27:54.835" /><!-- duration: 16ms -->
            <step title="Copying file: &apos;wwwroot\images\books\1984.jpg&apos;" date="2025-08-17T13:27:54.882" /><!-- duration: 0ms -->
            <step title="Copying file: &apos;wwwroot\images\books\animal-farm.jpg&apos;" date="2025-08-17T13:27:54.897" /><!-- duration: 0ms -->
            <step title="Copying file: &apos;wwwroot\images\books\fellowship.jpg&apos;" date="2025-08-17T13:27:54.913" /><!-- duration: 0ms -->
            <step title="Copying file: &apos;wwwroot\images\books\hobbit.jpg&apos;" date="2025-08-17T13:27:54.929" /><!-- duration: 0ms -->
            <step title="Copying file: &apos;wwwroot\js\site.js&apos;" date="2025-08-17T13:27:54.944" /><!-- duration: 0ms -->
            <step title="Deleting app_offline.htm" date="2025-08-17T13:27:54.960" /><!-- duration: 16ms -->
            <step title="Finished successfully." date="2025-08-17T13:27:55.007" /><!-- duration: 0ms -->
          </step><!-- duration: 3625ms -->
          <step title="Build completed succesfully." date="2025-08-17T13:27:55.054" /><!-- duration: 16ms -->
          <step title="Running post deployment command(s)..." date="2025-08-17T13:27:55.116" /><!-- duration: 16ms -->
          <step title="Requesting site restart" date="2025-08-17T13:27:55.179" /><!-- duration: 0ms -->
          <step title="Requesting site restart" date="2025-08-17T13:27:55.194" /><!-- duration: 0ms -->
          <step title="Requesting site restart. Attempt #1" date="2025-08-17T13:27:55.241" /><!-- duration: 16ms -->
          <step title="Requesting site restart. Attempt #1" date="2025-08-17T13:27:55.257" /><!-- duration: 0ms -->
          <step title="Successfully requested a restart. Attempt #1" date="2025-08-17T13:27:55.429" /><!-- duration: 0ms -->
          <step title="Successfully requested a restart. Attempt #1" date="2025-08-17T13:27:55.429" /><!-- duration: 16ms -->
          <step title="Deployment successful. DEPLOYMENTINFO: deploymentPath = OneDeploy, deployer = OneDeploy, os = windows, sku = Free, siteName = bookreviewapp-1755367448, siteHostName = bookreviewapp-1755367448.azurewebsites.net, deploymentStatus = Success" date="2025-08-17T13:27:55.476" /><!-- duration: 16ms -->
        </step><!-- duration: 4734ms -->
      </step><!-- duration: 5000ms -->
      <step title="Cleaning up temp files" date="2025-08-17T13:27:55.710" /><!-- duration: 16ms -->
      <step title="Skip function trigger and logicapp sync because function is not enabled." date="2025-08-17T13:27:55.741" /><!-- duration: 0ms -->
    </step><!-- duration: 6438ms -->
    <step title="LockFile &apos;C:\home\site\locks\deployments.lock&apos; released" date="2025-08-17T13:27:55.788" /><!-- duration: 16ms -->
    <step title="Deleting shutdown sentinel file" date="2025-08-17T13:27:55.804" SemaphoreCount="8" /><!-- duration: 0ms -->
  </step><!-- duration: 369425ms -->
  <step title="Outgoing response" date="2025-08-17T13:27:55.819" type="response" statusCode="200" statusText="OK" Server="Microsoft-IIS/10.0" x-ms-request-id="18d617ba-7b6d-11f0-9a4d-00163ebab6ce" Cache-Control="private" X-AspNet-Version="4.0.30319" /><!-- duration: 16ms -->
</step><!-- duration: 370253ms -->
