<step title="Incoming Request" date="2025-08-16T18:48:36.345" instance="92ca53" url="/api/publish?type=zip" method="POST" type="request" pid="19340,2,106" Cache-Control="no-cache" Content-Length="41147400" Content-Type="application/octet-stream" Accept="*/*" Accept-Encoding="gzip, deflate" Authorization="Bas..." Host="bookreviewapp-1755367448.scm.azurewebsites.net" User-Agent="AZURECLI/2.76.0 (DEB)" x-ms-client-request-id="940f5794-7ad1-11f0-9e2b-00163ebab6ce" X-ARR-LOG-ID="940f5794-7ad1-11f0-9e2b-00163ebab6ce" CLIENT-IP="102.164.1.247:48328" X-SITE-DEPLOYMENT-ID="bookreviewapp-1755367448" WAS-DEFAULT-HOSTNAME="bookreviewapp-1755367448.scm.azurewebsites.net" X-Forwarded-Proto="https" X-AppService-Proto="https" X-Forwarded-TlsVersion="1.3" X-WAWS-Unencoded-URL="/api/publish?type=zip" >
  <step title="Cleanup Xml Logs" date="2025-08-16T18:48:36.360" /><!-- duration: 0ms -->
  <step title="OneDeploy" date="2025-08-16T18:48:37.063" >
    <step title="Starting PushDeployAsync" date="2025-08-16T18:48:37.063" /><!-- duration: 0ms -->
    <step title="Updating shutdown sentinel last write time" date="2025-08-16T18:48:37.079" SemaphoreCount="7" /><!-- duration: 0ms -->
    <step title="LockFile &apos;C:\home\site\locks\deployments.lock&apos; acquired" date="2025-08-16T18:48:37.079" /><!-- duration: 16ms -->
    <step title="Deleting outdated zip file C:\home\data\SitePackages\20250816182453.zip" date="2025-08-16T18:48:37.094" /><!-- duration: 16ms -->
    <step title="Saving request content to C:\home\data\SitePackages\20250816184837.zip" date="2025-08-16T18:48:37.126" >
      <step title="Writing 3,321,856 bytes to C:\home\data\SitePackages\20250816184837.zip" date="2025-08-16T18:49:07.284" /><!-- duration: 16ms -->
      <step title="Writing 6,320,128 bytes to C:\home\data\SitePackages\20250816184837.zip" date="2025-08-16T18:49:37.299" /><!-- duration: 16ms -->
      <step title="Writing 8,450,048 bytes to C:\home\data\SitePackages\20250816184837.zip" date="2025-08-16T18:50:08.372" /><!-- duration: 0ms -->
      <step title="Writing 10,776,576 bytes to C:\home\data\SitePackages\20250816184837.zip" date="2025-08-16T18:50:38.611" /><!-- duration: 0ms -->
      <step title="Writing 13,086,720 bytes to C:\home\data\SitePackages\20250816184837.zip" date="2025-08-16T18:51:08.761" /><!-- duration: 0ms -->
      <step title="Writing 15,429,632 bytes to C:\home\data\SitePackages\20250816184837.zip" date="2025-08-16T18:51:38.933" /><!-- duration: 16ms -->
      <step title="Writing 17,559,552 bytes to C:\home\data\SitePackages\20250816184837.zip" date="2025-08-16T18:52:09.060" /><!-- duration: 16ms -->
      <step title="Writing 19,918,848 bytes to C:\home\data\SitePackages\20250816184837.zip" date="2025-08-16T18:52:39.154" /><!-- duration: 0ms -->
      <step title="Writing 22,458,368 bytes to C:\home\data\SitePackages\20250816184837.zip" date="2025-08-16T18:53:09.249" /><!-- duration: 0ms -->
      <step title="Writing 25,030,656 bytes to C:\home\data\SitePackages\20250816184837.zip" date="2025-08-16T18:53:39.738" /><!-- duration: 0ms -->
      <step title="Writing 27,389,952 bytes to C:\home\data\SitePackages\20250816184837.zip" date="2025-08-16T18:54:09.910" /><!-- duration: 0ms -->
      <step title="Writing 30,027,776 bytes to C:\home\data\SitePackages\20250816184837.zip" date="2025-08-16T18:54:39.975" /><!-- duration: 0ms -->
      <step title="Writing 32,468,992 bytes to C:\home\data\SitePackages\20250816184837.zip" date="2025-08-16T18:55:10.086" /><!-- duration: 0ms -->
      <step title="Writing 34,828,288 bytes to C:\home\data\SitePackages\20250816184837.zip" date="2025-08-16T18:55:40.144" /><!-- duration: 0ms -->
      <step title="Writing 37,285,888 bytes to C:\home\data\SitePackages\20250816184837.zip" date="2025-08-16T18:56:10.285" /><!-- duration: 16ms -->
      <step title="Writing 39,677,952 bytes to C:\home\data\SitePackages\20250816184837.zip" date="2025-08-16T18:56:40.481" /><!-- duration: 16ms -->
      <step title="Total 41,147,400 bytes written to C:\home\data\SitePackages\20250816184837.zip" date="2025-08-16T18:56:59.466" /><!-- duration: 16ms -->
    </step><!-- duration: 502371ms -->
    <step title="LockFile &apos;C:\home\site\locks\deployments.lock&apos; released" date="2025-08-16T18:56:59.497" /><!-- duration: 0ms -->
    <step title="Deleting shutdown sentinel file" date="2025-08-16T18:56:59.513" SemaphoreCount="8" /><!-- duration: 0ms -->
    <step title="Starting FetchDeploy" date="2025-08-16T18:56:59.528" /><!-- duration: 0ms -->
    <step title="Attempting to fetch target branch HEAD" date="2025-08-16T18:56:59.544" /><!-- duration: 0ms -->
    <step title="Updating shutdown sentinel last write time" date="2025-08-16T18:56:59.560" SemaphoreCount="7" /><!-- duration: 0ms -->
    <step title="LockFile &apos;C:\home\site\locks\deployments.lock&apos; acquired" date="2025-08-16T18:56:59.560" /><!-- duration: 16ms -->
    <step title="Performing fetch based deployment" date="2025-08-16T18:56:59.575" >
      <step title="Creating temporary deployment" date="2025-08-16T18:56:59.591" /><!-- duration: 31ms -->
      <step title="Fetching changes." date="2025-08-16T18:56:59.700" /><!-- duration: 0ms -->
      <step title="Starting LocalZipHandler" date="2025-08-16T18:56:59.716" /><!-- duration: 0ms -->
      <step title="Starting ExtractTriggers" date="2025-08-16T18:56:59.731" /><!-- duration: 0ms -->
      <step title="None repository commit" date="2025-08-16T18:56:59.747" >
        <step title="Commit id: f26e72f33203463e9c8f2d21bb5c6ccb" date="2025-08-16T18:56:59.747" Message="OneDeploy" AuthorName="N/A" AuthorEmail="N/A" /><!-- duration: 0ms -->
      </step><!-- duration: 16ms -->
      <step title="Before sending BuildRequestReceived status to /api/updatedeploystatus" date="2025-08-16T18:56:59.763" /><!-- duration: 0ms -->
      <step title="DeploymentManager.Deploy(id:f26e72f33203463e9c8f2d21bb5c6ccb)" date="2025-08-16T18:56:59.778" >
        <step title="Collecting changeset information" date="2025-08-16T18:56:59.794" /><!-- duration: 31ms -->
        <step title="Updating submodules" date="2025-08-16T18:56:59.825" >
          <step title="Updating submodules." date="2025-08-16T18:56:59.872" /><!-- duration: 0ms -->
        </step><!-- duration: 62ms -->
        <step title="Preparing deployment for commit id &apos;f26e72f332&apos;." date="2025-08-16T18:56:59.935" /><!-- duration: 0ms -->
        <step title="Determining deployment builder" date="2025-08-16T18:56:59.981" >
          <step title="Builder is RunFromZipSiteBuilder" date="2025-08-16T18:56:59.981" /><!-- duration: 16ms -->
        </step><!-- duration: 16ms -->
        <step title="Copying SSH keys" date="2025-08-16T18:57:00.013" /><!-- duration: 16ms -->
        <step title="Building" date="2025-08-16T18:57:00.028" >
          <step title="Skipping build. Project type: Run-From-Zip" date="2025-08-16T18:57:00.075" /><!-- duration: 0ms -->
          <step title="Skipping post build. Project type: Run-From-Zip" date="2025-08-16T18:57:00.122" /><!-- duration: 0ms -->
          <step title="Requesting site restart" date="2025-08-16T18:57:00.185" /><!-- duration: 16ms -->
          <step title="Requesting site restart" date="2025-08-16T18:57:00.200" /><!-- duration: 16ms -->
          <step title="Requesting site restart. Attempt #1" date="2025-08-16T18:57:00.247" /><!-- duration: 16ms -->
          <step title="Requesting site restart. Attempt #1" date="2025-08-16T18:57:00.263" /><!-- duration: 16ms -->
          <step title="Successfully requested a restart. Attempt #1" date="2025-08-16T18:57:00.435" /><!-- duration: 16ms -->
          <step title="Successfully requested a restart. Attempt #1" date="2025-08-16T18:57:00.450" /><!-- duration: 0ms -->
          <step title="Deployment successful. DEPLOYMENTINFO: deploymentPath = OneDeploy, deployer = OneDeploy, os = windows, sku = Free, siteName = bookreviewapp-1755367448, siteHostName = bookreviewapp-1755367448.azurewebsites.net, deploymentStatus = Success" date="2025-08-16T18:57:00.497" /><!-- duration: 0ms -->
        </step><!-- duration: 594ms -->
      </step><!-- duration: 860ms -->
      <step title="Cleaning up temp files" date="2025-08-16T18:57:00.638" /><!-- duration: 0ms -->
      <step title="Updating C:\home\data\SitePackages\packagename.txt with deployment 20250816184837.zip" date="2025-08-16T18:57:00.654" /><!-- duration: 78ms -->
      <step title="Skip function trigger and logicapp sync because function is not enabled." date="2025-08-16T18:57:00.732" /><!-- duration: 0ms -->
    </step><!-- duration: 1203ms -->
    <step title="LockFile &apos;C:\home\site\locks\deployments.lock&apos; released" date="2025-08-16T18:57:00.794" /><!-- duration: 16ms -->
    <step title="Deleting shutdown sentinel file" date="2025-08-16T18:57:00.810" SemaphoreCount="8" /><!-- duration: 16ms -->
  </step><!-- duration: 503762ms -->
  <step title="Outgoing response" date="2025-08-16T18:57:00.825" type="response" statusCode="200" statusText="OK" Server="Microsoft-IIS/10.0" x-ms-request-id="940f5794-7ad1-11f0-9e2b-00163ebab6ce" Cache-Control="private" X-AspNet-Version="4.0.30319" /><!-- duration: 16ms -->
</step><!-- duration: 504497ms -->
