<step title="Incoming Request" date="2025-08-16T21:09:21.848" instance="92ca53" url="/api/publish?type=zip" method="POST" type="request" pid="7376,2,9" Cache-Control="no-cache" Content-Length="41153055" Content-Type="application/octet-stream" Accept="*/*" Accept-Encoding="gzip, deflate" Authorization="Bas..." Host="bookreviewapp-1755367448.scm.azurewebsites.net" User-Agent="AZURECLI/2.76.0 (DEB)" x-ms-client-request-id="413641a4-7ae5-11f0-a276-00163ebab6ce" X-ARR-LOG-ID="413641a4-7ae5-11f0-a276-00163ebab6ce" CLIENT-IP="102.164.1.247:49036" X-SITE-DEPLOYMENT-ID="bookreviewapp-1755367448" WAS-DEFAULT-HOSTNAME="bookreviewapp-1755367448.scm.azurewebsites.net" X-Forwarded-Proto="https" X-AppService-Proto="https" X-Forwarded-TlsVersion="1.3" X-WAWS-Unencoded-URL="/api/publish?type=zip" >
  <step title="OneDeploy" date="2025-08-16T21:09:22.004" >
    <step title="Starting PushDeployAsync" date="2025-08-16T21:09:22.035" /><!-- duration: 0ms -->
    <step title="Updating shutdown sentinel last write time" date="2025-08-16T21:09:22.082" SemaphoreCount="7" /><!-- duration: 0ms -->
    <step title="LockFile &apos;C:\home\site\locks\deployments.lock&apos; acquired" date="2025-08-16T21:09:22.098" /><!-- duration: 0ms -->
    <step title="Saving request content to C:\local\Temp\zipdeploy\g1yv3fsa.zip" date="2025-08-16T21:09:22.098" >
      <step title="Writing 3,289,088 bytes to C:\local\Temp\zipdeploy\g1yv3fsa.zip" date="2025-08-16T21:09:52.224" /><!-- duration: 16ms -->
      <step title="Writing 6,369,280 bytes to C:\local\Temp\zipdeploy\g1yv3fsa.zip" date="2025-08-16T21:10:22.271" /><!-- duration: 16ms -->
      <step title="Writing 9,400,320 bytes to C:\local\Temp\zipdeploy\g1yv3fsa.zip" date="2025-08-16T21:10:52.370" /><!-- duration: 0ms -->
      <step title="Writing 12,480,512 bytes to C:\local\Temp\zipdeploy\g1yv3fsa.zip" date="2025-08-16T21:11:23.052" /><!-- duration: 0ms -->
      <step title="Writing 15,724,544 bytes to C:\local\Temp\zipdeploy\g1yv3fsa.zip" date="2025-08-16T21:11:54.133" /><!-- duration: 16ms -->
      <step title="Writing 18,788,352 bytes to C:\local\Temp\zipdeploy\g1yv3fsa.zip" date="2025-08-16T21:12:24.290" /><!-- duration: 16ms -->
      <step title="Writing 21,721,088 bytes to C:\local\Temp\zipdeploy\g1yv3fsa.zip" date="2025-08-16T21:12:54.321" /><!-- duration: 0ms -->
    </step><!-- duration: 233129ms -->
    <step title="LockFile &apos;C:\home\site\locks\deployments.lock&apos; released" date="2025-08-16T21:13:15.243" /><!-- duration: 0ms -->
    <step title="Deleting shutdown sentinel file" date="2025-08-16T21:13:15.258" SemaphoreCount="8" /><!-- duration: 31ms -->
  </step><!-- duration: 233286ms -->
  <step title="Error occurred" date="2025-08-16T21:13:15.305" type="error" text="The client disconnected." stackTrace="   at System.Web.Hosting.IIS7WorkerRequest.EndRead(IAsyncResult asyncResult)
   at System.Web.HttpBufferlessInputStream.EndRead(IAsyncResult asyncResult)
   at System.IO.Stream.&lt;&gt;c.&lt;BeginEndReadAsync&gt;b__43_1(Stream stream, IAsyncResult asyncResult)
   at System.Threading.Tasks.TaskFactory`1.FromAsyncTrimPromise`1.Complete(TInstance thisRef, Func`3 endMethod, IAsyncResult asyncResult, Boolean requiresSynchronization)
--- End of stack trace from previous location where exception was thrown ---
   at System.Runtime.CompilerServices.TaskAwaiter.ThrowForNonSuccess(Task task)
   at System.Runtime.CompilerServices.TaskAwaiter.HandleNonSuccessAndDebuggerNotification(Task task)
   at System.Web.Http.WebHost.SeekableBufferedRequestStream.&lt;ReadAsync&gt;d__0.MoveNext()
--- End of stack trace from previous location where exception was thrown ---
   at System.Runtime.CompilerServices.TaskAwaiter.ThrowForNonSuccess(Task task)
   at System.Runtime.CompilerServices.TaskAwaiter.HandleNonSuccessAndDebuggerNotification(Task task)
   at Kudu.Services.ByteRanges.HttpRequestMessageExtensions.&lt;CopyToAsync&gt;d__1.MoveNext() in C:\__w\1\s\Kudu.Services\ByteRanges\HttpRequestMessageExtensions.cs:line 55
--- End of stack trace from previous location where exception was thrown ---
   at System.Runtime.CompilerServices.TaskAwaiter.ThrowForNonSuccess(Task task)
   at System.Runtime.CompilerServices.TaskAwaiter.HandleNonSuccessAndDebuggerNotification(Task task)
   at Kudu.Services.Deployment.PushDeploymentController.&lt;&gt;c__DisplayClass16_0.&lt;&lt;PushDeployAsync&gt;b__0&gt;d.MoveNext() in C:\__w\1\s\Kudu.Services\Deployment\PushDeploymentController.cs:line 522
--- End of stack trace from previous location where exception was thrown ---
   at System.Runtime.CompilerServices.TaskAwaiter.ThrowForNonSuccess(Task task)
   at System.Runtime.CompilerServices.TaskAwaiter.HandleNonSuccessAndDebuggerNotification(Task task)
   at Kudu.Contracts.Infrastructure.LockExtensions.&lt;LockOperationAsync&gt;d__6.MoveNext()
--- End of stack trace from previous location where exception was thrown ---
   at System.Runtime.CompilerServices.TaskAwaiter.ThrowForNonSuccess(Task task)
   at System.Runtime.CompilerServices.TaskAwaiter.HandleNonSuccessAndDebuggerNotification(Task task)
   at Kudu.Services.Infrastructure.LockExtensions.&lt;LockHttpOperationAsync&gt;d__1.MoveNext() in C:\__w\1\s\Kudu.Services\Infrastructure\LockExtensions.cs:line 30
--- End of stack trace from previous location where exception was thrown ---
   at System.Runtime.CompilerServices.TaskAwaiter.ThrowForNonSuccess(Task task)
   at System.Runtime.CompilerServices.TaskAwaiter.HandleNonSuccessAndDebuggerNotification(Task task)
   at System.Runtime.CompilerServices.TaskAwaiter.ValidateEnd(Task task)
   at Kudu.Services.Deployment.PushDeploymentController.&lt;PushDeployAsync&gt;d__16.MoveNext() in C:\__w\1\s\Kudu.Services\Deployment\PushDeploymentController.cs:line 501
--- End of stack trace from previous location where exception was thrown ---
   at System.Runtime.CompilerServices.TaskAwaiter.ThrowForNonSuccess(Task task)
   at System.Runtime.CompilerServices.TaskAwaiter.HandleNonSuccessAndDebuggerNotification(Task task)
   at System.Runtime.CompilerServices.TaskAwaiter.ValidateEnd(Task task)
   at Kudu.Services.Deployment.PushDeploymentController.&lt;OneDeploy&gt;d__14.MoveNext() in C:\__w\1\s\Kudu.Services\Deployment\PushDeploymentController.cs:line 437
--- End of stack trace from previous location where exception was thrown ---
   at System.Runtime.CompilerServices.TaskAwaiter.ThrowForNonSuccess(Task task)
   at System.Runtime.CompilerServices.TaskAwaiter.HandleNonSuccessAndDebuggerNotification(Task task)
   at System.Threading.Tasks.TaskHelpersExtensions.&lt;CastToObject&gt;d__3`1.MoveNext()
--- End of stack trace from previous location where exception was thrown ---
   at System.Runtime.CompilerServices.TaskAwaiter.ThrowForNonSuccess(Task task)
   at System.Runtime.CompilerServices.TaskAwaiter.HandleNonSuccessAndDebuggerNotification(Task task)
   at System.Web.Http.Controllers.ApiControllerActionInvoker.&lt;InvokeActionAsyncCore&gt;d__0.MoveNext()
--- End of stack trace from previous location where exception was thrown ---
   at System.Runtime.CompilerServices.TaskAwaiter.ThrowForNonSuccess(Task task)
   at System.Runtime.CompilerServices.TaskAwaiter.HandleNonSuccessAndDebuggerNotification(Task task)
   at System.Web.Http.Filters.ActionFilterAttribute.&lt;CallOnActionExecutedAsync&gt;d__5.MoveNext()
--- End of stack trace from previous location where exception was thrown ---
   at System.Web.Http.Filters.ActionFilterAttribute.&lt;CallOnActionExecutedAsync&gt;d__5.MoveNext()
--- End of stack trace from previous location where exception was thrown ---
   at System.Runtime.CompilerServices.TaskAwaiter.ThrowForNonSuccess(Task task)
   at System.Runtime.CompilerServices.TaskAwaiter.HandleNonSuccessAndDebuggerNotification(Task task)
   at System.Web.Http.Filters.ActionFilterAttribute.&lt;ExecuteActionFilterAsyncCore&gt;d__0.MoveNext()
--- End of stack trace from previous location where exception was thrown ---
   at System.Runtime.CompilerServices.TaskAwaiter.ThrowForNonSuccess(Task task)
   at System.Runtime.CompilerServices.TaskAwaiter.HandleNonSuccessAndDebuggerNotification(Task task)
   at System.Web.Http.Filters.ActionFilterAttribute.&lt;CallOnActionExecutedAsync&gt;d__5.MoveNext()
--- End of stack trace from previous location where exception was thrown ---
   at System.Web.Http.Filters.ActionFilterAttribute.&lt;CallOnActionExecutedAsync&gt;d__5.MoveNext()
--- End of stack trace from previous location where exception was thrown ---
   at System.Runtime.CompilerServices.TaskAwaiter.ThrowForNonSuccess(Task task)
   at System.Runtime.CompilerServices.TaskAwaiter.HandleNonSuccessAndDebuggerNotification(Task task)
   at System.Web.Http.Filters.ActionFilterAttribute.&lt;ExecuteActionFilterAsyncCore&gt;d__0.MoveNext()
--- End of stack trace from previous location where exception was thrown ---
   at System.Runtime.CompilerServices.TaskAwaiter.ThrowForNonSuccess(Task task)
   at System.Runtime.CompilerServices.TaskAwaiter.HandleNonSuccessAndDebuggerNotification(Task task)
   at System.Web.Http.Controllers.ActionFilterResult.&lt;ExecuteAsync&gt;d__2.MoveNext()
--- End of stack trace from previous location where exception was thrown ---
   at System.Runtime.CompilerServices.TaskAwaiter.ThrowForNonSuccess(Task task)
   at System.Runtime.CompilerServices.TaskAwaiter.HandleNonSuccessAndDebuggerNotification(Task task)
   at System.Web.Http.Controllers.ExceptionFilterResult.&lt;ExecuteAsync&gt;d__0.MoveNext()" /><!-- duration: 0ms -->
  <step title="Outgoing response" date="2025-08-16T21:13:15.352" type="response" statusCode="500" statusText="Internal Server Error" Server="Microsoft-IIS/10.0" x-ms-request-id="413641a4-7ae5-11f0-a276-00163ebab6ce" Cache-Control="private" X-AspNet-Version="4.0.30319" Content-Type="application/json; charset=utf-8" /><!-- duration: 16ms -->
</step><!-- duration: 233520ms -->
