<step title="Incoming Request" date="2025-08-17T16:55:45.829" instance="92ca53" url="/api/publish?type=zip" method="POST" type="request" pid="15384,2,79" Cache-Control="no-cache" Content-Length="41231114" Content-Type="application/octet-stream" Accept="*/*" Accept-Encoding="gzip, deflate" Authorization="Bas..." Host="bookreviewapp-1755367448.scm.azurewebsites.net" User-Agent="AZURECLI/2.76.0 (DEB)" x-ms-client-request-id="fde1bd38-7b8a-11f0-8892-00163ebab6ce" X-ARR-LOG-ID="fde1bd38-7b8a-11f0-8892-00163ebab6ce" CLIENT-IP="102.164.1.247:56500" X-SITE-DEPLOYMENT-ID="bookreviewapp-1755367448" WAS-DEFAULT-HOSTNAME="bookreviewapp-1755367448.scm.azurewebsites.net" X-Forwarded-Proto="https" X-AppService-Proto="https" X-Forwarded-TlsVersion="1.3" X-WAWS-Unencoded-URL="/api/publish?type=zip" >
  <step title="Cleanup Xml Logs" date="2025-08-17T16:55:45.829" /><!-- duration: 16ms -->
  <step title="OneDeploy" date="2025-08-17T16:55:47.032" >
    <step title="Starting PushDeployAsync" date="2025-08-17T16:55:47.048" /><!-- duration: 0ms -->
    <step title="Updating shutdown sentinel last write time" date="2025-08-17T16:55:47.095" SemaphoreCount="7" /><!-- duration: 0ms -->
    <step title="LockFile &apos;C:\home\site\locks\deployments.lock&apos; acquired" date="2025-08-17T16:55:47.095" /><!-- duration: 16ms -->
    <step title="Saving request content to C:\local\Temp\zipdeploy\jjmpqnly.zip" date="2025-08-17T16:55:47.111" >
      <step title="Writing 1,683,456 bytes to C:\local\Temp\zipdeploy\jjmpqnly.zip" date="2025-08-17T16:56:17.330" /><!-- duration: 0ms -->
      <step title="Writing 3,420,160 bytes to C:\local\Temp\zipdeploy\jjmpqnly.zip" date="2025-08-17T16:56:48.605" /><!-- duration: 16ms -->
      <step title="Writing 5,107,712 bytes to C:\local\Temp\zipdeploy\jjmpqnly.zip" date="2025-08-17T16:57:18.740" /><!-- duration: 0ms -->
      <step title="Writing 6,582,272 bytes to C:\local\Temp\zipdeploy\jjmpqnly.zip" date="2025-08-17T16:57:49.865" /><!-- duration: 16ms -->
      <step title="Writing 8,155,136 bytes to C:\local\Temp\zipdeploy\jjmpqnly.zip" date="2025-08-17T16:58:19.959" /><!-- duration: 16ms -->
      <step title="Writing 9,940,992 bytes to C:\local\Temp\zipdeploy\jjmpqnly.zip" date="2025-08-17T16:58:50.069" /><!-- duration: 16ms -->
      <step title="Writing 13,037,568 bytes to C:\local\Temp\zipdeploy\jjmpqnly.zip" date="2025-08-17T16:59:20.214" /><!-- duration: 16ms -->
      <step title="Writing 16,314,368 bytes to C:\local\Temp\zipdeploy\jjmpqnly.zip" date="2025-08-17T16:59:50.329" /><!-- duration: 16ms -->
      <step title="Writing 19,148,800 bytes to C:\local\Temp\zipdeploy\jjmpqnly.zip" date="2025-08-17T17:00:20.439" /><!-- duration: 16ms -->
      <step title="Writing 21,737,472 bytes to C:\local\Temp\zipdeploy\jjmpqnly.zip" date="2025-08-17T17:00:50.543" /><!-- duration: 16ms -->
      <step title="Writing 24,588,288 bytes to C:\local\Temp\zipdeploy\jjmpqnly.zip" date="2025-08-17T17:01:20.559" /><!-- duration: 0ms -->
      <step title="Writing 27,357,184 bytes to C:\local\Temp\zipdeploy\jjmpqnly.zip" date="2025-08-17T17:01:50.594" /><!-- duration: 0ms -->
      <step title="Writing 30,306,304 bytes to C:\local\Temp\zipdeploy\jjmpqnly.zip" date="2025-08-17T17:02:20.805" /><!-- duration: 0ms -->
      <step title="Writing 33,697,792 bytes to C:\local\Temp\zipdeploy\jjmpqnly.zip" date="2025-08-17T17:02:50.861" /><!-- duration: 0ms -->
      <step title="Writing 36,696,064 bytes to C:\local\Temp\zipdeploy\jjmpqnly.zip" date="2025-08-17T17:03:20.923" /><!-- duration: 16ms -->
      <step title="Writing 39,841,792 bytes to C:\local\Temp\zipdeploy\jjmpqnly.zip" date="2025-08-17T17:03:51.581" /><!-- duration: 16ms -->
      <step title="Total 41,231,114 bytes written to C:\local\Temp\zipdeploy\jjmpqnly.zip" date="2025-08-17T17:04:04.143" /><!-- duration: 16ms -->
    </step><!-- duration: 497048ms -->
    <step title="LockFile &apos;C:\home\site\locks\deployments.lock&apos; released" date="2025-08-17T17:04:04.175" /><!-- duration: 0ms -->
    <step title="Deleting shutdown sentinel file" date="2025-08-17T17:04:04.190" SemaphoreCount="8" /><!-- duration: 0ms -->
    <step title="Starting FetchDeploy" date="2025-08-17T17:04:04.190" /><!-- duration: 16ms -->
    <step title="Attempting to fetch target branch HEAD" date="2025-08-17T17:04:04.206" /><!-- duration: 0ms -->
    <step title="Updating shutdown sentinel last write time" date="2025-08-17T17:04:04.221" SemaphoreCount="7" /><!-- duration: 16ms -->
    <step title="LockFile &apos;C:\home\site\locks\deployments.lock&apos; acquired" date="2025-08-17T17:04:04.237" /><!-- duration: 0ms -->
    <step title="Performing fetch based deployment" date="2025-08-17T17:04:04.253" >
      <step title="Creating temporary deployment" date="2025-08-17T17:04:04.253" /><!-- duration: 31ms -->
      <step title="Fetching changes." date="2025-08-17T17:04:04.346" /><!-- duration: 16ms -->
      <step title="Starting LocalZipHandler" date="2025-08-17T17:04:04.378" /><!-- duration: 0ms -->
      <step title="Starting LocalZipFetch" date="2025-08-17T17:04:04.378" /><!-- duration: 0ms -->
      <step title="Cleaning up temp folders from previous zip deployments and extracting pushed zip file C:\local\Temp\zipdeploy\jjmpqnly.zip (39.32 MB) to C:\local\Temp\zipdeploy\extracted" date="2025-08-17T17:04:04.393" /><!-- duration: 0ms -->
      <step title="Cleaning up temp folders from previous zip deployments and extracting pushed zip file C:\local\Temp\zipdeploy\jjmpqnly.zip (39.32 MB) to C:\local\Temp\zipdeploy\extracted" date="2025-08-17T17:04:04.409" >
        <step title="Extracting 287 entries to C:\local\Temp\zipdeploy\extracted directory" date="2025-08-17T17:04:04.409" >
          <step title="Extracting to C:\local\Temp\zipdeploy\extracted\appsettings.json ..." date="2025-08-17T17:04:04.425" /><!-- duration: 0ms -->
          <step title="Extracting to C:\local\Temp\zipdeploy\extracted\appsettings.Production.json ..." date="2025-08-17T17:04:04.425" /><!-- duration: 16ms -->
          <step title="Extracting to C:\local\Temp\zipdeploy\extracted\appsettings.Development.json ..." date="2025-08-17T17:04:04.440" /><!-- duration: 0ms -->
          <step title="Extracting to C:\local\Temp\zipdeploy\extracted\BookReviewApp.Web.dll ..." date="2025-08-17T17:04:04.456" /><!-- duration: 0ms -->
          <step title="Extracting to C:\local\Temp\zipdeploy\extracted\BookReviewApp.Web.runtimeconfig.json ..." date="2025-08-17T17:04:04.471" /><!-- duration: 0ms -->
          <step title="Omitting extracting file traces ..." date="2025-08-17T17:04:04.471" /><!-- duration: 16ms -->
        </step><!-- duration: 1172ms -->
      </step><!-- duration: 1188ms -->
      <step title="None repository commit" date="2025-08-17T17:04:05.596" >
        <step title="Commit id: 0b69b1236f5846a29fb628db93d017a0" date="2025-08-17T17:04:05.596" Message="OneDeploy" AuthorName="N/A" AuthorEmail="N/A" /><!-- duration: 16ms -->
      </step><!-- duration: 16ms -->
      <step title="Before sending BuildRequestReceived status to /api/updatedeploystatus" date="2025-08-17T17:04:05.612" /><!-- duration: 16ms -->
      <step title="DeploymentManager.Deploy(id:0b69b1236f5846a29fb628db93d017a0)" date="2025-08-17T17:04:05.628" >
        <step title="Collecting changeset information" date="2025-08-17T17:04:05.643" /><!-- duration: 31ms -->
        <step title="Updating submodules" date="2025-08-17T17:04:05.675" >
          <step title="Updating submodules." date="2025-08-17T17:04:05.721" /><!-- duration: 0ms -->
        </step><!-- duration: 62ms -->
        <step title="Preparing deployment for commit id &apos;0b69b1236f&apos;." date="2025-08-17T17:04:05.784" /><!-- duration: 0ms -->
        <step title="Determining deployment builder" date="2025-08-17T17:04:05.831" >
          <step title="Builder is OneDeployBuilder" date="2025-08-17T17:04:05.831" /><!-- duration: 0ms -->
        </step><!-- duration: 16ms -->
        <step title="Copying SSH keys" date="2025-08-17T17:04:05.862" /><!-- duration: 16ms -->
        <step title="Building" date="2025-08-17T17:04:05.878" >
          <step title="Running build. Project type: OneDeploy" date="2025-08-17T17:04:05.925" /><!-- duration: 0ms -->
          <step title="Copying the manifest" date="2025-08-17T17:04:05.971" /><!-- duration: 0ms -->
          <step title="Clean deploying to C:\home\site\wwwroot" date="2025-08-17T17:04:06.034" /><!-- duration: 0ms -->
          <step title="Generating deployment script." date="2025-08-17T17:04:06.081" /><!-- duration: 0ms -->
          <step title="Generating deployment script" date="2025-08-17T17:04:06.112" >
            <step title="Using cached version of the deployment script for command: -y --no-dot-deployment -r &quot;C:\local\Temp\zipdeploy\extracted&quot; -o &quot;C:\home\site\deployments\tools&quot; --basic --sitePath &quot;C:\local\Temp\zipdeploy\extracted&quot;" date="2025-08-17T17:04:06.143" /><!-- duration: 0ms -->
            <step title="Using cached version of deployment script (command: &apos;azure -y --no-dot-deployment -r &quot;C:\local\Temp\zipdeploy\extracted&quot; -o &quot;C:\home\site\deployments\tools&quot; --basic --sitePath &quot;C:\local\Temp\zipdeploy\extracted&quot;&apos;)." date="2025-08-17T17:04:06.175" /><!-- duration: 0ms -->
          </step><!-- duration: 78ms -->
          <step title="Running deployment command..." date="2025-08-17T17:04:06.237" /><!-- duration: 16ms -->
          <step title="Command: &quot;C:\home\site\deployments\tools\deploy.cmd&quot;" date="2025-08-17T17:04:06.268" /><!-- duration: 0ms -->
          <step title="Executing external process" date="2025-08-17T17:04:06.284" type="process" path="starter.cmd" arguments="&quot;C:\home\site\deployments\tools\deploy.cmd&quot;" >
            <step title="Handling Basic Web Site deployment." date="2025-08-17T17:04:06.393" /><!-- duration: 16ms -->
            <step title="Creating app_offline.htm" date="2025-08-17T17:04:06.815" /><!-- duration: 0ms -->
            <step title="KuduSync.NET from: &apos;C:\local\Temp\zipdeploy\extracted&apos; to: &apos;C:\home\site\wwwroot&apos;" date="2025-08-17T17:04:06.831" /><!-- duration: 0ms -->
            <step title="Deleting file: &apos;BookReviewApp.db&apos;" date="2025-08-17T17:04:06.846" /><!-- duration: 0ms -->
            <step title="Copying file: &apos;appsettings.Production.json&apos;" date="2025-08-17T17:04:06.862" /><!-- duration: 0ms -->
            <step title="Copying file: &apos;BookReviewApp.Web&apos;" date="2025-08-17T17:04:06.878" /><!-- duration: 0ms -->
            <step title="Copying file: &apos;BookReviewApp.Web.dll&apos;" date="2025-08-17T17:04:06.893" /><!-- duration: 16ms -->
            <step title="Copying file: &apos;BookReviewApp.Web.pdb&apos;" date="2025-08-17T17:04:06.909" /><!-- duration: 16ms -->
            <step title="Copying file: &apos;publish\publish\publish\publish\appsettings.Development.json&apos;" date="2025-08-17T17:04:06.940" /><!-- duration: 0ms -->
            <step title="Copying file: &apos;publish\publish\publish\publish\appsettings.json&apos;" date="2025-08-17T17:04:06.956" /><!-- duration: 0ms -->
            <step title="Copying file: &apos;publish\publish\publish\publish\appsettings.Production.json&apos;" date="2025-08-17T17:04:06.971" /><!-- duration: 0ms -->
            <step title="Copying file: &apos;publish\publish\publish\publish\BookReviewApp.Web.deps.json&apos;" date="2025-08-17T17:04:06.987" /><!-- duration: 0ms -->
            <step title="Copying file: &apos;publish\publish\publish\publish\BookReviewApp.Web.runtimeconfig.json&apos;" date="2025-08-17T17:04:07.003" /><!-- duration: 16ms -->
            <step title="Copying file: &apos;wwwroot\images\placeholder.jpg&apos;" date="2025-08-17T17:04:07.018" /><!-- duration: 16ms -->
            <step title="Copying file: &apos;wwwroot\images\authors\orwell.jpg&apos;" date="2025-08-17T17:04:07.050" /><!-- duration: 0ms -->
            <step title="Copying file: &apos;wwwroot\images\authors\tolkien.jpg&apos;" date="2025-08-17T17:04:07.065" /><!-- duration: 0ms -->
            <step title="Copying file: &apos;wwwroot\images\books\1984.jpg&apos;" date="2025-08-17T17:04:07.081" /><!-- duration: 0ms -->
            <step title="Copying file: &apos;wwwroot\images\books\animal-farm.jpg&apos;" date="2025-08-17T17:04:07.096" /><!-- duration: 0ms -->
            <step title="Copying file: &apos;wwwroot\images\books\fellowship.jpg&apos;" date="2025-08-17T17:04:07.112" /><!-- duration: 16ms -->
            <step title="Copying file: &apos;wwwroot\images\books\hobbit.jpg&apos;" date="2025-08-17T17:04:07.143" /><!-- duration: 0ms -->
            <step title="Copying file: &apos;publish\publish\publish\publish\web.config&apos;" date="2025-08-17T17:04:07.159" /><!-- duration: 0ms -->
            <step title="Deleting app_offline.htm" date="2025-08-17T17:04:07.175" /><!-- duration: 0ms -->
            <step title="Finished successfully." date="2025-08-17T17:04:07.190" /><!-- duration: 0ms -->
          </step><!-- duration: 922ms -->
          <step title="Build completed succesfully." date="2025-08-17T17:04:07.268" /><!-- duration: 0ms -->
          <step title="Running post deployment command(s)..." date="2025-08-17T17:04:07.315" /><!-- duration: 0ms -->
          <step title="Requesting site restart" date="2025-08-17T17:04:07.378" /><!-- duration: 0ms -->
          <step title="Requesting site restart" date="2025-08-17T17:04:07.393" /><!-- duration: 0ms -->
          <step title="Requesting site restart. Attempt #1" date="2025-08-17T17:04:07.440" /><!-- duration: 0ms -->
          <step title="Requesting site restart. Attempt #1" date="2025-08-17T17:04:07.440" /><!-- duration: 16ms -->
          <step title="Successfully requested a restart. Attempt #1" date="2025-08-17T17:04:07.612" /><!-- duration: 0ms -->
          <step title="Successfully requested a restart. Attempt #1" date="2025-08-17T17:04:07.628" /><!-- duration: 0ms -->
          <step title="Deployment successful. DEPLOYMENTINFO: deploymentPath = OneDeploy, deployer = OneDeploy, os = windows, sku = Free, siteName = bookreviewapp-1755367448, siteHostName = bookreviewapp-1755367448.azurewebsites.net, deploymentStatus = Success" date="2025-08-17T17:04:07.659" /><!-- duration: 16ms -->
        </step><!-- duration: 1969ms -->
      </step><!-- duration: 2219ms -->
      <step title="Cleaning up temp files" date="2025-08-17T17:04:07.862" /><!-- duration: 0ms -->
      <step title="Skip function trigger and logicapp sync because function is not enabled." date="2025-08-17T17:04:07.878" /><!-- duration: 16ms -->
    </step><!-- duration: 3688ms -->
    <step title="LockFile &apos;C:\home\site\locks\deployments.lock&apos; released" date="2025-08-17T17:04:07.956" /><!-- duration: 0ms -->
    <step title="Deleting shutdown sentinel file" date="2025-08-17T17:04:07.971" SemaphoreCount="8" /><!-- duration: 0ms -->
  </step><!-- duration: 500939ms -->
  <step title="Outgoing response" date="2025-08-17T17:04:07.971" type="response" statusCode="200" statusText="OK" Server="Microsoft-IIS/10.0" x-ms-request-id="fde1bd38-7b8a-11f0-8892-00163ebab6ce" Cache-Control="private" X-AspNet-Version="4.0.30319" /><!-- duration: 16ms -->
</step><!-- duration: 502158ms -->
