<step title="Incoming Request" date="2025-08-17T14:15:55.669" instance="92ca53" url="/api/publish?type=zip" method="POST" type="request" pid="5252,2,26" Cache-Control="no-cache" Content-Length="41192205" Content-Type="application/octet-stream" Accept="*/*" Accept-Encoding="gzip, deflate" Authorization="Bas..." Host="bookreviewapp-1755367448.scm.azurewebsites.net" User-Agent="AZURECLI/2.76.0 (DEB)" x-ms-client-request-id="a370a51e-7b74-11f0-85b4-00163ebab6ce" X-ARR-LOG-ID="a370a51e-7b74-11f0-85b4-00163ebab6ce" CLIENT-IP="102.164.1.247:58078" X-SITE-DEPLOYMENT-ID="bookreviewapp-1755367448" WAS-DEFAULT-HOSTNAME="bookreviewapp-1755367448.scm.azurewebsites.net" X-Forwarded-Proto="https" X-AppService-Proto="https" X-Forwarded-TlsVersion="1.3" X-WAWS-Unencoded-URL="/api/publish?type=zip" >
  <step title="Cleanup Xml Logs" date="2025-08-17T14:15:55.669" /><!-- duration: 0ms -->
  <step title="OneDeploy" date="2025-08-17T14:15:56.325" >
    <step title="Starting PushDeployAsync" date="2025-08-17T14:15:56.356" /><!-- duration: 16ms -->
    <step title="Updating shutdown sentinel last write time" date="2025-08-17T14:15:56.434" SemaphoreCount="7" /><!-- duration: 0ms -->
    <step title="LockFile &apos;C:\home\site\locks\deployments.lock&apos; acquired" date="2025-08-17T14:15:56.434" /><!-- duration: 16ms -->
    <step title="Saving request content to C:\local\Temp\zipdeploy\toiixwvv.zip" date="2025-08-17T14:15:56.450" >
      <step title="Writing 3,371,008 bytes to C:\local\Temp\zipdeploy\toiixwvv.zip" date="2025-08-17T14:16:26.930" /><!-- duration: 0ms -->
      <step title="Writing 6,877,184 bytes to C:\local\Temp\zipdeploy\toiixwvv.zip" date="2025-08-17T14:16:56.982" /><!-- duration: 0ms -->
      <step title="Writing 10,416,128 bytes to C:\local\Temp\zipdeploy\toiixwvv.zip" date="2025-08-17T14:17:27.061" /><!-- duration: 0ms -->
      <step title="Writing 13,922,304 bytes to C:\local\Temp\zipdeploy\toiixwvv.zip" date="2025-08-17T14:17:57.077" /><!-- duration: 17ms -->
      <step title="Writing 17,281,024 bytes to C:\local\Temp\zipdeploy\toiixwvv.zip" date="2025-08-17T14:18:27.137" /><!-- duration: 0ms -->
      <step title="Writing 20,721,664 bytes to C:\local\Temp\zipdeploy\toiixwvv.zip" date="2025-08-17T14:18:57.162" /><!-- duration: 16ms -->
      <step title="Writing 24,342,528 bytes to C:\local\Temp\zipdeploy\toiixwvv.zip" date="2025-08-17T14:19:27.280" /><!-- duration: 16ms -->
      <step title="Writing 27,865,088 bytes to C:\local\Temp\zipdeploy\toiixwvv.zip" date="2025-08-17T14:19:57.380" /><!-- duration: 16ms -->
      <step title="Writing 31,404,032 bytes to C:\local\Temp\zipdeploy\toiixwvv.zip" date="2025-08-17T14:20:27.412" /><!-- duration: 0ms -->
      <step title="Writing 34,926,592 bytes to C:\local\Temp\zipdeploy\toiixwvv.zip" date="2025-08-17T14:20:58.001" /><!-- duration: 16ms -->
      <step title="Writing 38,514,688 bytes to C:\local\Temp\zipdeploy\toiixwvv.zip" date="2025-08-17T14:21:28.129" /><!-- duration: 16ms -->
      <step title="Total 41,192,205 bytes written to C:\local\Temp\zipdeploy\toiixwvv.zip" date="2025-08-17T14:21:50.947" /><!-- duration: 16ms -->
    </step><!-- duration: 354513ms -->
    <step title="LockFile &apos;C:\home\site\locks\deployments.lock&apos; released" date="2025-08-17T14:21:50.963" /><!-- duration: 16ms -->
    <step title="Deleting shutdown sentinel file" date="2025-08-17T14:21:50.978" SemaphoreCount="8" /><!-- duration: 16ms -->
    <step title="Starting FetchDeploy" date="2025-08-17T14:21:50.994" /><!-- duration: 0ms -->
    <step title="Attempting to fetch target branch HEAD" date="2025-08-17T14:21:51.010" /><!-- duration: 0ms -->
    <step title="Updating shutdown sentinel last write time" date="2025-08-17T14:21:51.025" SemaphoreCount="7" /><!-- duration: 0ms -->
    <step title="LockFile &apos;C:\home\site\locks\deployments.lock&apos; acquired" date="2025-08-17T14:21:51.025" /><!-- duration: 16ms -->
    <step title="Performing fetch based deployment" date="2025-08-17T14:21:51.041" >
      <step title="Creating temporary deployment" date="2025-08-17T14:21:51.057" /><!-- duration: 32ms -->
      <step title="Fetching changes." date="2025-08-17T14:21:51.151" /><!-- duration: 0ms -->
      <step title="Starting LocalZipHandler" date="2025-08-17T14:21:51.167" /><!-- duration: 0ms -->
      <step title="Starting LocalZipFetch" date="2025-08-17T14:21:51.183" /><!-- duration: 0ms -->
      <step title="Cleaning up temp folders from previous zip deployments and extracting pushed zip file C:\local\Temp\zipdeploy\toiixwvv.zip (39.28 MB) to C:\local\Temp\zipdeploy\extracted" date="2025-08-17T14:21:51.198" /><!-- duration: 0ms -->
      <step title="Cleaning up temp folders from previous zip deployments and extracting pushed zip file C:\local\Temp\zipdeploy\toiixwvv.zip (39.28 MB) to C:\local\Temp\zipdeploy\extracted" date="2025-08-17T14:21:51.198" >
        <step title="Extracting 273 entries to C:\local\Temp\zipdeploy\extracted directory" date="2025-08-17T14:21:51.214" >
          <step title="Extracting to C:\local\Temp\zipdeploy\extracted\appsettings.json ..." date="2025-08-17T14:21:51.214" /><!-- duration: 16ms -->
          <step title="Extracting to C:\local\Temp\zipdeploy\extracted\appsettings.Production.json ..." date="2025-08-17T14:21:51.230" /><!-- duration: 0ms -->
          <step title="Extracting to C:\local\Temp\zipdeploy\extracted\appsettings.Development.json ..." date="2025-08-17T14:21:51.245" /><!-- duration: 0ms -->
          <step title="Extracting to C:\local\Temp\zipdeploy\extracted\BookReviewApp.Web.dll ..." date="2025-08-17T14:21:51.245" /><!-- duration: 16ms -->
          <step title="Extracting to C:\local\Temp\zipdeploy\extracted\BookReviewApp.Web.runtimeconfig.json ..." date="2025-08-17T14:21:51.261" /><!-- duration: 16ms -->
          <step title="Omitting extracting file traces ..." date="2025-08-17T14:21:51.276" /><!-- duration: 16ms -->
        </step><!-- duration: 1172ms -->
      </step><!-- duration: 1188ms -->
      <step title="None repository commit" date="2025-08-17T14:21:52.401" >
        <step title="Commit id: 59f9254c546b402aa78a9c826f9a602c" date="2025-08-17T14:21:52.401" Message="OneDeploy" AuthorName="N/A" AuthorEmail="N/A" /><!-- duration: 16ms -->
      </step><!-- duration: 16ms -->
      <step title="Before sending BuildRequestReceived status to /api/updatedeploystatus" date="2025-08-17T14:21:52.417" /><!-- duration: 0ms -->
      <step title="DeploymentManager.Deploy(id:59f9254c546b402aa78a9c826f9a602c)" date="2025-08-17T14:21:52.433" >
        <step title="Collecting changeset information" date="2025-08-17T14:21:52.448" /><!-- duration: 31ms -->
        <step title="Updating submodules" date="2025-08-17T14:21:52.480" >
          <step title="Updating submodules." date="2025-08-17T14:21:52.542" /><!-- duration: 16ms -->
        </step><!-- duration: 78ms -->
        <step title="Preparing deployment for commit id &apos;59f9254c54&apos;." date="2025-08-17T14:21:52.605" /><!-- duration: 0ms -->
        <step title="Determining deployment builder" date="2025-08-17T14:21:52.651" >
          <step title="Builder is OneDeployBuilder" date="2025-08-17T14:21:52.651" /><!-- duration: 16ms -->
        </step><!-- duration: 16ms -->
        <step title="Copying SSH keys" date="2025-08-17T14:21:52.683" /><!-- duration: 16ms -->
        <step title="Building" date="2025-08-17T14:21:52.698" >
          <step title="Running build. Project type: OneDeploy" date="2025-08-17T14:21:52.730" /><!-- duration: 16ms -->
          <step title="Copying the manifest" date="2025-08-17T14:21:52.792" /><!-- duration: 0ms -->
          <step title="Clean deploying to C:\home\site\wwwroot" date="2025-08-17T14:21:52.839" /><!-- duration: 16ms -->
          <step title="Generating deployment script." date="2025-08-17T14:21:52.886" /><!-- duration: 16ms -->
          <step title="Generating deployment script" date="2025-08-17T14:21:52.901" >
            <step title="Using cached version of the deployment script for command: -y --no-dot-deployment -r &quot;C:\local\Temp\zipdeploy\extracted&quot; -o &quot;C:\home\site\deployments\tools&quot; --basic --sitePath &quot;C:\local\Temp\zipdeploy\extracted&quot;" date="2025-08-17T14:21:52.948" /><!-- duration: 0ms -->
            <step title="Using cached version of deployment script (command: &apos;azure -y --no-dot-deployment -r &quot;C:\local\Temp\zipdeploy\extracted&quot; -o &quot;C:\home\site\deployments\tools&quot; --basic --sitePath &quot;C:\local\Temp\zipdeploy\extracted&quot;&apos;)." date="2025-08-17T14:21:52.980" /><!-- duration: 0ms -->
          </step><!-- duration: 94ms -->
          <step title="Running deployment command..." date="2025-08-17T14:21:53.042" /><!-- duration: 0ms -->
          <step title="Command: &quot;C:\home\site\deployments\tools\deploy.cmd&quot;" date="2025-08-17T14:21:53.058" /><!-- duration: 0ms -->
          <step title="Executing external process" date="2025-08-17T14:21:53.073" type="process" path="starter.cmd" arguments="&quot;C:\home\site\deployments\tools\deploy.cmd&quot;" >
            <step title="Handling Basic Web Site deployment." date="2025-08-17T14:21:53.198" /><!-- duration: 0ms -->
            <step title="Creating app_offline.htm" date="2025-08-17T14:21:55.621" /><!-- duration: 0ms -->
            <step title="KuduSync.NET from: &apos;C:\local\Temp\zipdeploy\extracted&apos; to: &apos;C:\home\site\wwwroot&apos;" date="2025-08-17T14:21:55.637" /><!-- duration: 16ms -->
            <step title="Deleting file: &apos;BookReviewApp.db&apos;" date="2025-08-17T14:21:55.652" /><!-- duration: 16ms -->
            <step title="Copying file: &apos;BookReviewApp.Web&apos;" date="2025-08-17T14:21:55.684" /><!-- duration: 0ms -->
            <step title="Copying file: &apos;BookReviewApp.Web.dll&apos;" date="2025-08-17T14:21:55.699" /><!-- duration: 0ms -->
            <step title="Copying file: &apos;BookReviewApp.Web.pdb&apos;" date="2025-08-17T14:21:55.715" /><!-- duration: 0ms -->
            <step title="Copying file: &apos;publish\publish\appsettings.Development.json&apos;" date="2025-08-17T14:21:55.730" /><!-- duration: 16ms -->
            <step title="Copying file: &apos;publish\publish\appsettings.json&apos;" date="2025-08-17T14:21:55.762" /><!-- duration: 0ms -->
            <step title="Copying file: &apos;publish\publish\appsettings.Production.json&apos;" date="2025-08-17T14:21:55.777" /><!-- duration: 0ms -->
            <step title="Copying file: &apos;publish\publish\BookReviewApp.Web.deps.json&apos;" date="2025-08-17T14:21:55.793" /><!-- duration: 0ms -->
            <step title="Copying file: &apos;publish\publish\BookReviewApp.Web.runtimeconfig.json&apos;" date="2025-08-17T14:21:55.809" /><!-- duration: 0ms -->
            <step title="Copying file: &apos;wwwroot\images\placeholder.jpg&apos;" date="2025-08-17T14:21:55.824" /><!-- duration: 0ms -->
            <step title="Copying file: &apos;wwwroot\images\authors\orwell.jpg&apos;" date="2025-08-17T14:21:55.840" /><!-- duration: 16ms -->
            <step title="Copying file: &apos;wwwroot\images\authors\tolkien.jpg&apos;" date="2025-08-17T14:21:55.871" /><!-- duration: 0ms -->
            <step title="Copying file: &apos;wwwroot\images\books\1984.jpg&apos;" date="2025-08-17T14:21:55.887" /><!-- duration: 0ms -->
            <step title="Copying file: &apos;wwwroot\images\books\animal-farm.jpg&apos;" date="2025-08-17T14:21:55.902" /><!-- duration: 0ms -->
            <step title="Copying file: &apos;wwwroot\images\books\fellowship.jpg&apos;" date="2025-08-17T14:21:55.918" /><!-- duration: 0ms -->
            <step title="Copying file: &apos;wwwroot\images\books\hobbit.jpg&apos;" date="2025-08-17T14:21:55.934" /><!-- duration: 16ms -->
            <step title="Copying file: &apos;publish\publish\web.config&apos;" date="2025-08-17T14:21:55.949" /><!-- duration: 16ms -->
            <step title="Deleting app_offline.htm" date="2025-08-17T14:21:55.981" /><!-- duration: 0ms -->
            <step title="Finished successfully." date="2025-08-17T14:21:55.996" /><!-- duration: 0ms -->
          </step><!-- duration: 2938ms -->
          <step title="Build completed succesfully." date="2025-08-17T14:21:56.059" /><!-- duration: 0ms -->
          <step title="Running post deployment command(s)..." date="2025-08-17T14:21:56.106" /><!-- duration: 0ms -->
          <step title="Requesting site restart" date="2025-08-17T14:21:56.169" /><!-- duration: 0ms -->
          <step title="Requesting site restart" date="2025-08-17T14:21:56.169" /><!-- duration: 31ms -->
          <step title="Requesting site restart. Attempt #1" date="2025-08-17T14:21:56.262" /><!-- duration: 0ms -->
          <step title="Requesting site restart. Attempt #1" date="2025-08-17T14:21:56.278" /><!-- duration: 0ms -->
          <step title="Successfully requested a restart. Attempt #1" date="2025-08-17T14:21:56.419" /><!-- duration: 16ms -->
          <step title="Successfully requested a restart. Attempt #1" date="2025-08-17T14:21:56.434" /><!-- duration: 0ms -->
          <step title="Deployment successful. DEPLOYMENTINFO: deploymentPath = OneDeploy, deployer = OneDeploy, os = windows, sku = Free, siteName = bookreviewapp-1755367448, siteHostName = bookreviewapp-1755367448.azurewebsites.net, deploymentStatus = Success" date="2025-08-17T14:21:56.497" /><!-- duration: 16ms -->
        </step><!-- duration: 3970ms -->
      </step><!-- duration: 4252ms -->
      <step title="Cleaning up temp files" date="2025-08-17T14:21:56.684" /><!-- duration: 0ms -->
      <step title="Skip function trigger and logicapp sync because function is not enabled." date="2025-08-17T14:21:56.700" /><!-- duration: 0ms -->
    </step><!-- duration: 5706ms -->
    <step title="LockFile &apos;C:\home\site\locks\deployments.lock&apos; released" date="2025-08-17T14:21:56.762" /><!-- duration: 0ms -->
    <step title="Deleting shutdown sentinel file" date="2025-08-17T14:21:56.778" SemaphoreCount="8" /><!-- duration: 0ms -->
  </step><!-- duration: 360453ms -->
  <step title="Outgoing response" date="2025-08-17T14:21:56.778" type="response" statusCode="200" statusText="OK" Server="Microsoft-IIS/10.0" x-ms-request-id="a370a51e-7b74-11f0-85b4-00163ebab6ce" Cache-Control="private" X-AspNet-Version="4.0.30319" /><!-- duration: 16ms -->
</step><!-- duration: 361125ms -->
