<step title="BackgroundTrace" date="2025-08-16T21:28:45.245" instance="92ca53" url="/api/zipdeploy" method="POST" >
  <step title="Cleanup Xml Logs" date="2025-08-16T21:28:45.245" /><!-- duration: 16ms -->
  <step title="Updating shutdown sentinel last write time" date="2025-08-16T21:28:45.277" SemaphoreCount="7" /><!-- duration: 0ms -->
  <step title="LockFile &apos;C:\home\site\locks\deployments.lock&apos; acquired" date="2025-08-16T21:28:45.292" /><!-- duration: 0ms -->
  <step title="Creating temporary deployment" date="2025-08-16T21:28:45.292" /><!-- duration: 47ms -->
  <step title="Performing fetch based deployment" date="2025-08-16T21:28:45.339" >
    <step title="Fetching changes." date="2025-08-16T21:28:45.417" /><!-- duration: 0ms -->
    <step title="Starting LocalZipHandler" date="2025-08-16T21:28:45.433" /><!-- duration: 0ms -->
    <step title="Cleaning up temp folders from previous zip deployments and extracting pushed zip file C:\local\Temp\zipdeploy\ord0zsiz.zip (39.25 MB) to C:\local\Temp\zipdeploy\extracted" date="2025-08-16T21:28:45.495" /><!-- duration: 0ms -->
    <step title="Cleaning up temp folders from previous zip deployments and extracting pushed zip file C:\local\Temp\zipdeploy\ord0zsiz.zip (39.25 MB) to C:\local\Temp\zipdeploy\extracted" date="2025-08-16T21:28:45.511" >
      <step title="Renaming extractTargetDirectory(C:\local\Temp\zipdeploy\extracted) to tempDirectory(C:\local\Temp\zipdeploy\1csktksc.1ji)" date="2025-08-16T21:28:45.511" /><!-- duration: 0ms -->
      <step title="Extracting 259 entries to C:\local\Temp\zipdeploy\extracted directory" date="2025-08-16T21:28:45.527" >
        <step title="Extracting to C:\local\Temp\zipdeploy\extracted\appsettings.json ..." date="2025-08-16T21:28:45.527" /><!-- duration: 0ms -->
        <step title="Extracting to C:\local\Temp\zipdeploy\extracted\appsettings.Production.json ..." date="2025-08-16T21:28:45.542" /><!-- duration: 0ms -->
        <step title="Extracting to C:\local\Temp\zipdeploy\extracted\appsettings.Development.json ..." date="2025-08-16T21:28:45.542" /><!-- duration: 16ms -->
        <step title="Extracting to C:\local\Temp\zipdeploy\extracted\BookReviewApp.Web.dll ..." date="2025-08-16T21:28:45.558" /><!-- duration: 16ms -->
        <step title="Extracting to C:\local\Temp\zipdeploy\extracted\BookReviewApp.Web.runtimeconfig.json ..." date="2025-08-16T21:28:45.573" /><!-- duration: 16ms -->
        <step title="Omitting extracting file traces ..." date="2025-08-16T21:28:45.589" /><!-- duration: 0ms -->
      </step><!-- duration: 1156ms -->
    </step><!-- duration: 1172ms -->
    <step title="Before sending BuildRequestReceived status to /api/updatedeploystatus" date="2025-08-16T21:28:46.683" /><!-- duration: 16ms -->
    <step title="DeploymentManager.Deploy(id:7890e9517e084d1986e573e67750c4e4)" date="2025-08-16T21:28:46.698" >
      <step title="Collecting changeset information" date="2025-08-16T21:28:46.714" /><!-- duration: 47ms -->
      <step title="Updating submodules" date="2025-08-16T21:28:46.761" >
        <step title="Updating submodules." date="2025-08-16T21:28:46.792" /><!-- duration: 16ms -->
      </step><!-- duration: 47ms -->
      <step title="Preparing deployment for commit id &apos;7890e9517e&apos;." date="2025-08-16T21:28:46.855" /><!-- duration: 0ms -->
      <step title="Determining deployment builder" date="2025-08-16T21:28:46.902" >
        <step title="Builder is BasicBuilder" date="2025-08-16T21:28:46.902" /><!-- duration: 0ms -->
      </step><!-- duration: 16ms -->
      <step title="Copying SSH keys" date="2025-08-16T21:28:46.933" /><!-- duration: 16ms -->
      <step title="Building" date="2025-08-16T21:28:46.948" >
        <step title="Generating deployment script." date="2025-08-16T21:28:46.980" /><!-- duration: 16ms -->
        <step title="Generating deployment script" date="2025-08-16T21:28:46.995" >
          <step title="Using cached version of the deployment script for command: -y --no-dot-deployment -r &quot;C:\local\Temp\zipdeploy\extracted&quot; -o &quot;C:\home\site\deployments\tools&quot; --basic --sitePath &quot;C:\local\Temp\zipdeploy\extracted&quot;" date="2025-08-16T21:28:47.027" /><!-- duration: 0ms -->
          <step title="Using cached version of deployment script (command: &apos;azure -y --no-dot-deployment -r &quot;C:\local\Temp\zipdeploy\extracted&quot; -o &quot;C:\home\site\deployments\tools&quot; --basic --sitePath &quot;C:\local\Temp\zipdeploy\extracted&quot;&apos;)." date="2025-08-16T21:28:47.042" /><!-- duration: 0ms -->
        </step><!-- duration: 47ms -->
        <step title="Running deployment command..." date="2025-08-16T21:28:47.089" /><!-- duration: 0ms -->
        <step title="Command: &quot;C:\home\site\deployments\tools\deploy.cmd&quot;" date="2025-08-16T21:28:47.120" /><!-- duration: 0ms -->
        <step title="Executing external process" date="2025-08-16T21:28:47.136" type="process" path="starter.cmd" arguments="&quot;C:\home\site\deployments\tools\deploy.cmd&quot;" >
          <step title="Handling Basic Web Site deployment." date="2025-08-16T21:28:47.292" /><!-- duration: 0ms -->
          <step title="Creating app_offline.htm" date="2025-08-16T21:28:47.902" /><!-- duration: 16ms -->
          <step title="KuduSync.NET from: &apos;C:\local\Temp\zipdeploy\extracted&apos; to: &apos;C:\home\site\wwwroot&apos;" date="2025-08-16T21:28:47.917" /><!-- duration: 0ms -->
          <step title="Copying file: &apos;BookReviewApp.Data.dll&apos;" date="2025-08-16T21:28:47.933" /><!-- duration: 0ms -->
          <step title="Copying file: &apos;BookReviewApp.Data.pdb&apos;" date="2025-08-16T21:28:47.948" /><!-- duration: 0ms -->
          <step title="Copying file: &apos;BookReviewApp.Domain.dll&apos;" date="2025-08-16T21:28:47.964" /><!-- duration: 0ms -->
          <step title="Copying file: &apos;BookReviewApp.Domain.pdb&apos;" date="2025-08-16T21:28:47.980" /><!-- duration: 0ms -->
          <step title="Copying file: &apos;BookReviewApp.Services.dll&apos;" date="2025-08-16T21:28:47.980" /><!-- duration: 16ms -->
          <step title="Copying file: &apos;BookReviewApp.Services.pdb&apos;" date="2025-08-16T21:28:47.995" /><!-- duration: 16ms -->
          <step title="Copying file: &apos;BookReviewApp.Web&apos;" date="2025-08-16T21:28:48.011" /><!-- duration: 0ms -->
          <step title="Copying file: &apos;BookReviewApp.Web.deps.json&apos;" date="2025-08-16T21:28:48.027" /><!-- duration: 0ms -->
          <step title="Copying file: &apos;BookReviewApp.Web.dll&apos;" date="2025-08-16T21:28:48.042" /><!-- duration: 0ms -->
          <step title="Copying file: &apos;BookReviewApp.Web.pdb&apos;" date="2025-08-16T21:28:48.058" /><!-- duration: 0ms -->
          <step title="Copying file: &apos;BookReviewApp.Web.runtimeconfig.json&apos;" date="2025-08-16T21:28:48.073" /><!-- duration: 0ms -->
          <step title="Copying file: &apos;wwwroot\BookReviewApp.Web.styles.css&apos;" date="2025-08-16T21:28:48.073" /><!-- duration: 16ms -->
          <step title="Copying file: &apos;wwwroot\css\site.css&apos;" date="2025-08-16T21:28:48.089" /><!-- duration: 16ms -->
          <step title="Copying file: &apos;wwwroot\images\placeholder.jpg&apos;" date="2025-08-16T21:28:48.105" /><!-- duration: 0ms -->
          <step title="Copying file: &apos;wwwroot\images\authors\orwell.jpg&apos;" date="2025-08-16T21:28:48.120" /><!-- duration: 0ms -->
          <step title="Copying file: &apos;wwwroot\images\authors\tolkien.jpg&apos;" date="2025-08-16T21:28:48.136" /><!-- duration: 0ms -->
          <step title="Copying file: &apos;wwwroot\images\books\1984.jpg&apos;" date="2025-08-16T21:28:48.152" /><!-- duration: 0ms -->
          <step title="Copying file: &apos;wwwroot\images\books\animal-farm.jpg&apos;" date="2025-08-16T21:28:48.167" /><!-- duration: 0ms -->
          <step title="Copying file: &apos;wwwroot\images\books\fellowship.jpg&apos;" date="2025-08-16T21:28:48.167" /><!-- duration: 16ms -->
          <step title="Copying file: &apos;wwwroot\images\books\hobbit.jpg&apos;" date="2025-08-16T21:28:48.183" /><!-- duration: 16ms -->
          <step title="Copying file: &apos;wwwroot\js\site.js&apos;" date="2025-08-16T21:28:50.417" /><!-- duration: 16ms -->
          <step title="Deleting app_offline.htm" date="2025-08-16T21:28:50.448" /><!-- duration: 0ms -->
          <step title="Finished successfully." date="2025-08-16T21:28:50.448" /><!-- duration: 16ms -->
        </step><!-- duration: 3328ms -->
        <step title="Running post deployment command(s)..." date="2025-08-16T21:28:50.511" /><!-- duration: 0ms -->
        <step title="Triggering recycle (preview mode disabled)." date="2025-08-16T21:28:50.589" /><!-- duration: 16ms -->
        <step title="Ignoring FS watcher based recycle request as this is a classic Windows app." date="2025-08-16T21:28:50.605" /><!-- duration: 0ms -->
        <step title="Deployment successful. DEPLOYMENTINFO: deploymentPath = ZipDeploy. Extract zip. , deployer = ZipDeploy, os = windows, sku = Free, siteName = bookreviewapp-1755367448, siteHostName = bookreviewapp-1755367448.azurewebsites.net, deploymentStatus = Success" date="2025-08-16T21:28:50.652" /><!-- duration: 0ms -->
      </step><!-- duration: 3906ms -->
    </step><!-- duration: 4156ms -->
    <step title="Cleaning up temp files" date="2025-08-16T21:28:50.870" /><!-- duration: 0ms -->
    <step title="Skip function trigger and logicapp sync because function is not enabled." date="2025-08-16T21:28:50.886" /><!-- duration: 0ms -->
  </step><!-- duration: 5594ms -->
  <step title="LockFile &apos;C:\home\site\locks\deployments.lock&apos; released" date="2025-08-16T21:28:50.933" /><!-- duration: 0ms -->
  <step title="Deleting shutdown sentinel file" date="2025-08-16T21:28:50.948" SemaphoreCount="8" /><!-- duration: 0ms -->
</step><!-- duration: 5719ms -->
