<step title="Incoming Request" date="2025-08-17T17:26:31.707" instance="92ca53" url="/api/publish?type=zip" method="POST" type="request" pid="16572,2,31" Cache-Control="no-cache" Content-Length="41250394" Content-Type="application/octet-stream" Accept="*/*" Accept-Encoding="gzip, deflate" Authorization="Bas..." Host="bookreviewapp-1755367448.scm.azurewebsites.net" User-Agent="AZURECLI/2.76.0 (DEB)" x-ms-client-request-id="447859c4-7b8f-11f0-b67a-00163ebab6ce" X-ARR-LOG-ID="447859c4-7b8f-11f0-b67a-00163ebab6ce" CLIENT-IP="102.164.1.247:52438" X-SITE-DEPLOYMENT-ID="bookreviewapp-1755367448" WAS-DEFAULT-HOSTNAME="bookreviewapp-1755367448.scm.azurewebsites.net" X-Forwarded-Proto="https" X-AppService-Proto="https" X-Forwarded-TlsVersion="1.3" X-WAWS-Unencoded-URL="/api/publish?type=zip" >
  <step title="Cleanup Xml Logs" date="2025-08-17T17:26:31.707" /><!-- duration: 16ms -->
  <step title="OneDeploy" date="2025-08-17T17:26:33.394" >
    <step title="Starting PushDeployAsync" date="2025-08-17T17:26:33.410" /><!-- duration: 16ms -->
    <step title="Updating shutdown sentinel last write time" date="2025-08-17T17:26:33.473" SemaphoreCount="7" /><!-- duration: 0ms -->
    <step title="LockFile &apos;C:\home\site\locks\deployments.lock&apos; acquired" date="2025-08-17T17:26:33.488" /><!-- duration: 0ms -->
    <step title="Saving request content to C:\local\Temp\zipdeploy\wbzu5zum.zip" date="2025-08-17T17:26:33.488" >
      <step title="Writing 3,059,712 bytes to C:\local\Temp\zipdeploy\wbzu5zum.zip" date="2025-08-17T17:27:03.544" /><!-- duration: 16ms -->
      <step title="Writing 6,483,968 bytes to C:\local\Temp\zipdeploy\wbzu5zum.zip" date="2025-08-17T17:27:33.631" /><!-- duration: 16ms -->
      <step title="Writing 9,531,392 bytes to C:\local\Temp\zipdeploy\wbzu5zum.zip" date="2025-08-17T17:28:03.684" /><!-- duration: 16ms -->
      <step title="Writing 12,365,824 bytes to C:\local\Temp\zipdeploy\wbzu5zum.zip" date="2025-08-17T17:28:33.702" /><!-- duration: 16ms -->
      <step title="Writing 15,675,392 bytes to C:\local\Temp\zipdeploy\wbzu5zum.zip" date="2025-08-17T17:29:03.786" /><!-- duration: 16ms -->
      <step title="Writing 18,739,200 bytes to C:\local\Temp\zipdeploy\wbzu5zum.zip" date="2025-08-17T17:29:33.895" /><!-- duration: 0ms -->
      <step title="Writing 22,147,072 bytes to C:\local\Temp\zipdeploy\wbzu5zum.zip" date="2025-08-17T17:30:03.961" /><!-- duration: 16ms -->
      <step title="Writing 25,260,032 bytes to C:\local\Temp\zipdeploy\wbzu5zum.zip" date="2025-08-17T17:30:34.008" /><!-- duration: 0ms -->
      <step title="Writing 28,356,608 bytes to C:\local\Temp\zipdeploy\wbzu5zum.zip" date="2025-08-17T17:31:04.120" /><!-- duration: 16ms -->
      <step title="Writing 31,453,184 bytes to C:\local\Temp\zipdeploy\wbzu5zum.zip" date="2025-08-17T17:31:34.362" /><!-- duration: 0ms -->
      <step title="Writing 34,631,680 bytes to C:\local\Temp\zipdeploy\wbzu5zum.zip" date="2025-08-17T17:32:04.434" /><!-- duration: 0ms -->
      <step title="Writing 37,810,176 bytes to C:\local\Temp\zipdeploy\wbzu5zum.zip" date="2025-08-17T17:32:34.450" /><!-- duration: 0ms -->
      <step title="Writing 41,168,896 bytes to C:\local\Temp\zipdeploy\wbzu5zum.zip" date="2025-08-17T17:33:04.474" /><!-- duration: 0ms -->
      <step title="Total 41,250,394 bytes written to C:\local\Temp\zipdeploy\wbzu5zum.zip" date="2025-08-17T17:33:05.099" /><!-- duration: 0ms -->
    </step><!-- duration: 391611ms -->
    <step title="LockFile &apos;C:\home\site\locks\deployments.lock&apos; released" date="2025-08-17T17:33:05.115" /><!-- duration: 0ms -->
    <step title="Deleting shutdown sentinel file" date="2025-08-17T17:33:05.130" SemaphoreCount="8" /><!-- duration: 0ms -->
    <step title="Starting FetchDeploy" date="2025-08-17T17:33:05.130" /><!-- duration: 16ms -->
    <step title="Attempting to fetch target branch HEAD" date="2025-08-17T17:33:05.146" /><!-- duration: 0ms -->
    <step title="Updating shutdown sentinel last write time" date="2025-08-17T17:33:05.162" SemaphoreCount="7" /><!-- duration: 16ms -->
    <step title="LockFile &apos;C:\home\site\locks\deployments.lock&apos; acquired" date="2025-08-17T17:33:05.177" /><!-- duration: 0ms -->
    <step title="Performing fetch based deployment" date="2025-08-17T17:33:05.193" >
      <step title="Creating temporary deployment" date="2025-08-17T17:33:05.193" /><!-- duration: 47ms -->
      <step title="Fetching changes." date="2025-08-17T17:33:05.302" /><!-- duration: 0ms -->
      <step title="Starting LocalZipHandler" date="2025-08-17T17:33:05.318" /><!-- duration: 0ms -->
      <step title="Starting LocalZipFetch" date="2025-08-17T17:33:05.333" /><!-- duration: 0ms -->
      <step title="Cleaning up temp folders from previous zip deployments and extracting pushed zip file C:\local\Temp\zipdeploy\wbzu5zum.zip (39.34 MB) to C:\local\Temp\zipdeploy\extracted" date="2025-08-17T17:33:05.349" /><!-- duration: 0ms -->
      <step title="Cleaning up temp folders from previous zip deployments and extracting pushed zip file C:\local\Temp\zipdeploy\wbzu5zum.zip (39.34 MB) to C:\local\Temp\zipdeploy\extracted" date="2025-08-17T17:33:05.365" >
        <step title="Extracting 294 entries to C:\local\Temp\zipdeploy\extracted directory" date="2025-08-17T17:33:05.380" >
          <step title="Extracting to C:\local\Temp\zipdeploy\extracted\appsettings.json ..." date="2025-08-17T17:33:05.380" /><!-- duration: 0ms -->
          <step title="Extracting to C:\local\Temp\zipdeploy\extracted\appsettings.Development.json ..." date="2025-08-17T17:33:05.396" /><!-- duration: 16ms -->
          <step title="Extracting to C:\local\Temp\zipdeploy\extracted\web.config ..." date="2025-08-17T17:33:05.427" /><!-- duration: 0ms -->
          <step title="Extracting to C:\local\Temp\zipdeploy\extracted\AWSSDK.Core.dll ..." date="2025-08-17T17:33:05.443" /><!-- duration: 16ms -->
          <step title="Extracting to C:\local\Temp\zipdeploy\extracted\AWSSDK.SecurityToken.dll ..." date="2025-08-17T17:33:05.458" /><!-- duration: 0ms -->
          <step title="Omitting extracting file traces ..." date="2025-08-17T17:33:05.474" /><!-- duration: 0ms -->
        </step><!-- duration: 1219ms -->
      </step><!-- duration: 1234ms -->
      <step title="None repository commit" date="2025-08-17T17:33:06.615" >
        <step title="Commit id: 7a3066e940664006b82f5bef59191823" date="2025-08-17T17:33:06.615" Message="OneDeploy" AuthorName="N/A" AuthorEmail="N/A" /><!-- duration: 0ms -->
      </step><!-- duration: 0ms -->
      <step title="Before sending BuildRequestReceived status to /api/updatedeploystatus" date="2025-08-17T17:33:06.630" /><!-- duration: 0ms -->
      <step title="DeploymentManager.Deploy(id:7a3066e940664006b82f5bef59191823)" date="2025-08-17T17:33:06.646" >
        <step title="Collecting changeset information" date="2025-08-17T17:33:06.646" /><!-- duration: 47ms -->
        <step title="Updating submodules" date="2025-08-17T17:33:06.693" >
          <step title="Updating submodules." date="2025-08-17T17:33:06.740" /><!-- duration: 0ms -->
        </step><!-- duration: 63ms -->
        <step title="Preparing deployment for commit id &apos;7a3066e940&apos;." date="2025-08-17T17:33:06.802" /><!-- duration: 0ms -->
        <step title="Determining deployment builder" date="2025-08-17T17:33:06.849" >
          <step title="Builder is OneDeployBuilder" date="2025-08-17T17:33:06.849" /><!-- duration: 0ms -->
        </step><!-- duration: 16ms -->
        <step title="Copying SSH keys" date="2025-08-17T17:33:06.880" /><!-- duration: 0ms -->
        <step title="Building" date="2025-08-17T17:33:06.896" >
          <step title="Running build. Project type: OneDeploy" date="2025-08-17T17:33:06.943" /><!-- duration: 0ms -->
          <step title="Copying the manifest" date="2025-08-17T17:33:06.990" /><!-- duration: 0ms -->
          <step title="Clean deploying to C:\home\site\wwwroot" date="2025-08-17T17:33:07.052" /><!-- duration: 0ms -->
          <step title="Generating deployment script." date="2025-08-17T17:33:07.100" /><!-- duration: 16ms -->
          <step title="Generating deployment script" date="2025-08-17T17:33:07.115" >
            <step title="Using cached version of the deployment script for command: -y --no-dot-deployment -r &quot;C:\local\Temp\zipdeploy\extracted&quot; -o &quot;C:\home\site\deployments\tools&quot; --basic --sitePath &quot;C:\local\Temp\zipdeploy\extracted&quot;" date="2025-08-17T17:33:07.146" /><!-- duration: 0ms -->
            <step title="Using cached version of deployment script (command: &apos;azure -y --no-dot-deployment -r &quot;C:\local\Temp\zipdeploy\extracted&quot; -o &quot;C:\home\site\deployments\tools&quot; --basic --sitePath &quot;C:\local\Temp\zipdeploy\extracted&quot;&apos;)." date="2025-08-17T17:33:07.178" /><!-- duration: 0ms -->
          </step><!-- duration: 78ms -->
          <step title="Running deployment command..." date="2025-08-17T17:33:07.256" /><!-- duration: 31ms -->
          <step title="Command: &quot;C:\home\site\deployments\tools\deploy.cmd&quot;" date="2025-08-17T17:33:07.303" /><!-- duration: 16ms -->
          <step title="Executing external process" date="2025-08-17T17:33:07.334" type="process" path="starter.cmd" arguments="&quot;C:\home\site\deployments\tools\deploy.cmd&quot;" >
            <step title="Handling Basic Web Site deployment." date="2025-08-17T17:33:07.443" /><!-- duration: 0ms -->
            <step title="Creating app_offline.htm" date="2025-08-17T17:33:07.881" /><!-- duration: 0ms -->
            <step title="KuduSync.NET from: &apos;C:\local\Temp\zipdeploy\extracted&apos; to: &apos;C:\home\site\wwwroot&apos;" date="2025-08-17T17:33:07.896" /><!-- duration: 0ms -->
            <step title="Deleting file: &apos;BookReviewApp.db&apos;" date="2025-08-17T17:33:07.912" /><!-- duration: 0ms -->
            <step title="Copying file: &apos;appsettings.Production.json&apos;" date="2025-08-17T17:33:07.928" /><!-- duration: 0ms -->
            <step title="Copying file: &apos;BookReviewApp.Web&apos;" date="2025-08-17T17:33:07.943" /><!-- duration: 16ms -->
            <step title="Copying file: &apos;BookReviewApp.Web.deps.json&apos;" date="2025-08-17T17:33:07.959" /><!-- duration: 16ms -->
            <step title="Copying file: &apos;BookReviewApp.Web.dll&apos;" date="2025-08-17T17:33:07.990" /><!-- duration: 0ms -->
            <step title="Copying file: &apos;BookReviewApp.Web.pdb&apos;" date="2025-08-17T17:33:08.006" /><!-- duration: 0ms -->
            <step title="Copying file: &apos;BookReviewApp.Web.runtimeconfig.json&apos;" date="2025-08-17T17:33:08.021" /><!-- duration: 0ms -->
            <step title="Copying file: &apos;publish\appsettings.Production.json&apos;" date="2025-08-17T17:33:08.037" /><!-- duration: 0ms -->
            <step title="Copying file: &apos;publish\publish\publish\publish\publish\appsettings.Development.json&apos;" date="2025-08-17T17:33:08.053" /><!-- duration: 16ms -->
            <step title="Copying file: &apos;publish\publish\publish\publish\publish\appsettings.json&apos;" date="2025-08-17T17:33:08.084" /><!-- duration: 0ms -->
            <step title="Copying file: &apos;publish\publish\publish\publish\publish\appsettings.Production.json&apos;" date="2025-08-17T17:33:08.100" /><!-- duration: 0ms -->
            <step title="Copying file: &apos;publish\publish\publish\publish\publish\BookReviewApp.Web.deps.json&apos;" date="2025-08-17T17:33:08.115" /><!-- duration: 0ms -->
            <step title="Copying file: &apos;publish\publish\publish\publish\publish\BookReviewApp.Web.runtimeconfig.json&apos;" date="2025-08-17T17:33:08.131" /><!-- duration: 0ms -->
            <step title="Copying file: &apos;wwwroot\images\placeholder.jpg&apos;" date="2025-08-17T17:33:08.146" /><!-- duration: 16ms -->
            <step title="Copying file: &apos;wwwroot\images\authors\orwell.jpg&apos;" date="2025-08-17T17:33:08.162" /><!-- duration: 16ms -->
            <step title="Copying file: &apos;wwwroot\images\authors\tolkien.jpg&apos;" date="2025-08-17T17:33:10.350" /><!-- duration: 16ms -->
            <step title="Copying file: &apos;wwwroot\images\books\1984.jpg&apos;" date="2025-08-17T17:33:10.381" /><!-- duration: 0ms -->
            <step title="Copying file: &apos;wwwroot\images\books\animal-farm.jpg&apos;" date="2025-08-17T17:33:10.397" /><!-- duration: 0ms -->
            <step title="Copying file: &apos;wwwroot\images\books\fellowship.jpg&apos;" date="2025-08-17T17:33:10.412" /><!-- duration: 0ms -->
            <step title="Copying file: &apos;wwwroot\images\books\hobbit.jpg&apos;" date="2025-08-17T17:33:10.428" /><!-- duration: 16ms -->
            <step title="Copying file: &apos;publish\publish\publish\publish\publish\web.config&apos;" date="2025-08-17T17:33:10.443" /><!-- duration: 16ms -->
            <step title="Deleting app_offline.htm" date="2025-08-17T17:33:10.475" /><!-- duration: 0ms -->
            <step title="Finished successfully." date="2025-08-17T17:33:10.490" /><!-- duration: 0ms -->
          </step><!-- duration: 3172ms -->
          <step title="Build completed succesfully." date="2025-08-17T17:33:10.553" /><!-- duration: 0ms -->
          <step title="Running post deployment command(s)..." date="2025-08-17T17:33:10.600" /><!-- duration: 16ms -->
          <step title="Requesting site restart" date="2025-08-17T17:33:10.662" /><!-- duration: 16ms -->
          <step title="Requesting site restart" date="2025-08-17T17:33:10.678" /><!-- duration: 16ms -->
          <step title="Requesting site restart. Attempt #1" date="2025-08-17T17:33:10.725" /><!-- duration: 16ms -->
          <step title="Requesting site restart. Attempt #1" date="2025-08-17T17:33:10.740" /><!-- duration: 16ms -->
          <step title="Successfully requested a restart. Attempt #1" date="2025-08-17T17:33:10.897" /><!-- duration: 0ms -->
          <step title="Successfully requested a restart. Attempt #1" date="2025-08-17T17:33:10.912" /><!-- duration: 0ms -->
          <step title="Deployment successful. DEPLOYMENTINFO: deploymentPath = OneDeploy, deployer = OneDeploy, os = windows, sku = Free, siteName = bookreviewapp-1755367448, siteHostName = bookreviewapp-1755367448.azurewebsites.net, deploymentStatus = Success" date="2025-08-17T17:33:10.959" /><!-- duration: 0ms -->
        </step><!-- duration: 4251ms -->
      </step><!-- duration: 4501ms -->
      <step title="Cleaning up temp files" date="2025-08-17T17:33:11.147" /><!-- duration: 0ms -->
      <step title="Skip function trigger and logicapp sync because function is not enabled." date="2025-08-17T17:33:11.162" /><!-- duration: 0ms -->
    </step><!-- duration: 6016ms -->
    <step title="LockFile &apos;C:\home\site\locks\deployments.lock&apos; released" date="2025-08-17T17:33:11.225" /><!-- duration: 0ms -->
    <step title="Deleting shutdown sentinel file" date="2025-08-17T17:33:11.240" SemaphoreCount="8" /><!-- duration: 0ms -->
  </step><!-- duration: 397846ms -->
  <step title="Outgoing response" date="2025-08-17T17:33:11.256" type="response" statusCode="200" statusText="OK" Server="Microsoft-IIS/10.0" x-ms-request-id="447859c4-7b8f-11f0-b67a-00163ebab6ce" Cache-Control="private" X-AspNet-Version="4.0.30319" /><!-- duration: 0ms -->
</step><!-- duration: 399549ms -->
