<step title="Incoming Request" date="2025-08-16T21:22:14.087" instance="92ca53" url="/api/zipdeploy?isAsync=true" method="POST" type="request" pid="7376,2,57" Cache-Control="no-cache" Content-Length="41153055" Content-Type="application/octet-stream" Accept="*/*" Accept-Encoding="gzip, deflate" Authorization="Bas..." Host="bookreviewapp-1755367448.scm.azurewebsites.net" User-Agent="AZURECLI/2.76.0 (DEB)" x-ms-client-request-id="0ecb0cde-7ae7-11f0-9626-00163ebab6ce" X-ARR-LOG-ID="0ecb0cde-7ae7-11f0-9626-00163ebab6ce" CLIENT-IP="102.164.1.247:60514" X-SITE-DEPLOYMENT-ID="bookreviewapp-1755367448" WAS-DEFAULT-HOSTNAME="bookreviewapp-1755367448.scm.azurewebsites.net" X-Forwarded-Proto="https" X-AppService-Proto="https" X-Forwarded-TlsVersion="1.3" X-WAWS-Unencoded-URL="/api/zipdeploy?isAsync=true" >
  <step title="Cleanup Xml Logs" date="2025-08-16T21:22:14.087" /><!-- duration: 0ms -->
  <step title="ZipPushDeploy" date="2025-08-16T21:22:14.634" >
    <step title="ZipDeploy. Extract zip. " date="2025-08-16T21:22:14.650" /><!-- duration: 0ms -->
    <step title="Starting PushDeployAsync" date="2025-08-16T21:22:14.650" /><!-- duration: 16ms -->
    <step title="Updating shutdown sentinel last write time" date="2025-08-16T21:22:14.666" SemaphoreCount="7" /><!-- duration: 16ms -->
    <step title="LockFile &apos;C:\home\site\locks\deployments.lock&apos; acquired" date="2025-08-16T21:22:14.681" /><!-- duration: 0ms -->
    <step title="Saving request content to C:\local\Temp\zipdeploy\ord0zsiz.zip" date="2025-08-16T21:22:14.681" >
      <step title="Writing 3,141,632 bytes to C:\local\Temp\zipdeploy\ord0zsiz.zip" date="2025-08-16T21:22:44.822" /><!-- duration: 16ms -->
      <step title="Writing 6,172,672 bytes to C:\local\Temp\zipdeploy\ord0zsiz.zip" date="2025-08-16T21:23:14.853" /><!-- duration: 16ms -->
      <step title="Writing 9,056,256 bytes to C:\local\Temp\zipdeploy\ord0zsiz.zip" date="2025-08-16T21:23:45.245" /><!-- duration: 16ms -->
      <step title="Writing 12,283,904 bytes to C:\local\Temp\zipdeploy\ord0zsiz.zip" date="2025-08-16T21:24:15.403" /><!-- duration: 0ms -->
      <step title="Writing 15,577,088 bytes to C:\local\Temp\zipdeploy\ord0zsiz.zip" date="2025-08-16T21:24:45.513" /><!-- duration: 16ms -->
      <step title="Writing 18,755,584 bytes to C:\local\Temp\zipdeploy\ord0zsiz.zip" date="2025-08-16T21:25:15.528" /><!-- duration: 16ms -->
      <step title="Writing 22,065,152 bytes to C:\local\Temp\zipdeploy\ord0zsiz.zip" date="2025-08-16T21:25:45.669" /><!-- duration: 16ms -->
      <step title="Writing 25,325,568 bytes to C:\local\Temp\zipdeploy\ord0zsiz.zip" date="2025-08-16T21:26:15.794" /><!-- duration: 0ms -->
      <step title="Writing 28,438,528 bytes to C:\local\Temp\zipdeploy\ord0zsiz.zip" date="2025-08-16T21:26:46.177" /><!-- duration: 0ms -->
      <step title="Writing 31,764,480 bytes to C:\local\Temp\zipdeploy\ord0zsiz.zip" date="2025-08-16T21:27:16.311" /><!-- duration: 16ms -->
      <step title="Writing 34,992,128 bytes to C:\local\Temp\zipdeploy\ord0zsiz.zip" date="2025-08-16T21:27:46.408" /><!-- duration: 0ms -->
      <step title="Writing 38,203,392 bytes to C:\local\Temp\zipdeploy\ord0zsiz.zip" date="2025-08-16T21:28:16.541" /><!-- duration: 0ms -->
      <step title="Total 41,153,055 bytes written to C:\local\Temp\zipdeploy\ord0zsiz.zip" date="2025-08-16T21:28:45.167" /><!-- duration: 16ms -->
    </step><!-- duration: 390502ms -->
    <step title="LockFile &apos;C:\home\site\locks\deployments.lock&apos; released" date="2025-08-16T21:28:45.183" /><!-- duration: 16ms -->
    <step title="Deleting shutdown sentinel file" date="2025-08-16T21:28:45.198" SemaphoreCount="8" /><!-- duration: 16ms -->
    <step title="Starting FetchDeploy" date="2025-08-16T21:28:45.214" /><!-- duration: 16ms -->
    <step title="Start deployment in the background" date="2025-08-16T21:28:45.230" /><!-- duration: 109ms -->
  </step><!-- duration: 390720ms -->
  <step title="Outgoing response" date="2025-08-16T21:28:45.355" type="response" statusCode="202" statusText="Accepted" Server="Microsoft-IIS/10.0" x-ms-request-id="0ecb0cde-7ae7-11f0-9626-00163ebab6ce" Retry-After="30" Cache-Control="private" X-AspNet-Version="4.0.30319" Location="https://bookreviewapp-1755367448.scm.azurewebsites.net/api/deployments/latest?deployer=ZipDeploy&amp;time=2025-08-16_21-28-45Z" /><!-- duration: 16ms -->
</step><!-- duration: 391283ms -->
