<step title="Incoming Request" date="2025-08-16T18:24:52.115" instance="92ca53" url="/api/zipdeploy" method="POST" type="request" pid="19340,2,9" Content-Length="41147400" Accept="*/*" Authorization="Bas..." Expect="100-continue" Host="bookreviewapp-1755367448.scm.azurewebsites.net" User-Agent="curl/7.88.1" X-ARR-LOG-ID="37507499-4af8-4990-9f6b-b61f78328a45" CLIENT-IP="102.164.1.247:60812" X-SITE-DEPLOYMENT-ID="bookreviewapp-1755367448" WAS-DEFAULT-HOSTNAME="bookreviewapp-1755367448.scm.azurewebsites.net" X-Forwarded-Proto="https" X-AppService-Proto="https" X-Forwarded-TlsVersion="1.3" X-WAWS-Unencoded-URL="/api/zipdeploy" >
  <step title="ZipPushDeploy" date="2025-08-16T18:24:53.177" >
    <step title="ZipDeploy. Run from package." date="2025-08-16T18:24:53.193" /><!-- duration: 0ms -->
    <step title="Starting PushDeployAsync" date="2025-08-16T18:24:53.208" /><!-- duration: 0ms -->
    <step title="Updating shutdown sentinel last write time" date="2025-08-16T18:24:53.224" SemaphoreCount="7" /><!-- duration: 16ms -->
    <step title="LockFile &apos;C:\home\site\locks\deployments.lock&apos; acquired" date="2025-08-16T18:24:53.240" /><!-- duration: 0ms -->
    <step title="Saving request content to C:\home\data\SitePackages\20250816182453.zip" date="2025-08-16T18:24:53.255" >
      <step title="Writing 3,174,400 bytes to C:\home\data\SitePackages\20250816182453.zip" date="2025-08-16T18:25:23.324" /><!-- duration: 16ms -->
      <step title="Writing 6,287,360 bytes to C:\home\data\SitePackages\20250816182453.zip" date="2025-08-16T18:25:53.390" /><!-- duration: 0ms -->
      <step title="Writing 9,416,704 bytes to C:\home\data\SitePackages\20250816182453.zip" date="2025-08-16T18:26:23.535" /><!-- duration: 0ms -->
      <step title="Writing 12,513,280 bytes to C:\home\data\SitePackages\20250816182453.zip" date="2025-08-16T18:26:53.731" /><!-- duration: 16ms -->
      <step title="Writing 15,527,936 bytes to C:\home\data\SitePackages\20250816182453.zip" date="2025-08-16T18:27:24.168" /><!-- duration: 16ms -->
      <step title="Writing 18,706,432 bytes to C:\home\data\SitePackages\20250816182453.zip" date="2025-08-16T18:27:54.297" /><!-- duration: 0ms -->
      <step title="Writing 21,852,160 bytes to C:\home\data\SitePackages\20250816182453.zip" date="2025-08-16T18:28:24.469" /><!-- duration: 0ms -->
      <step title="Writing 24,506,368 bytes to C:\home\data\SitePackages\20250816182453.zip" date="2025-08-16T18:28:54.667" /><!-- duration: 16ms -->
      <step title="Writing 27,389,952 bytes to C:\home\data\SitePackages\20250816182453.zip" date="2025-08-16T18:29:24.780" /><!-- duration: 16ms -->
      <step title="Writing 29,978,624 bytes to C:\home\data\SitePackages\20250816182453.zip" date="2025-08-16T18:29:54.884" /><!-- duration: 16ms -->
      <step title="Writing 32,436,224 bytes to C:\home\data\SitePackages\20250816182453.zip" date="2025-08-16T18:30:25.588" /><!-- duration: 0ms -->
      <step title="Writing 35,024,896 bytes to C:\home\data\SitePackages\20250816182453.zip" date="2025-08-16T18:30:55.748" /><!-- duration: 0ms -->
    </step><!-- duration: 387133ms -->
    <step title="LockFile &apos;C:\home\site\locks\deployments.lock&apos; released" date="2025-08-16T18:31:20.389" /><!-- duration: 0ms -->
    <step title="Deleting shutdown sentinel file" date="2025-08-16T18:31:20.404" SemaphoreCount="8" /><!-- duration: 0ms -->
  </step><!-- duration: 387243ms -->
  <step title="Error occurred" date="2025-08-16T18:31:20.420" type="error" text="The client disconnected." stackTrace="   at System.Web.Hosting.IIS7WorkerRequest.BeginRead(Byte[] buffer, Int32 offset, Int32 count, AsyncCallback callback, Object state)
   at System.Web.HttpBufferlessInputStream.BeginRead(Byte[] buffer, Int32 offset, Int32 count, AsyncCallback callback, Object state)
   at System.IO.Stream.&lt;&gt;c.&lt;BeginEndReadAsync&gt;b__43_0(Stream stream, ReadWriteParameters args, AsyncCallback callback, Object state)
   at System.Threading.Tasks.TaskFactory`1.FromAsyncTrim[TInstance,TArgs](TInstance thisRef, TArgs args, Func`5 beginMethod, Func`3 endMethod)
   at System.IO.Stream.BeginEndReadAsync(Byte[] buffer, Int32 offset, Int32 count)
   at System.IO.Stream.ReadAsync(Byte[] buffer, Int32 offset, Int32 count, CancellationToken cancellationToken)
   at System.Web.Http.WebHost.SeekableBufferedRequestStream.&lt;ReadAsync&gt;d__0.MoveNext()
--- End of stack trace from previous location where exception was thrown ---
   at System.Runtime.CompilerServices.TaskAwaiter.ThrowForNonSuccess(Task task)
   at System.Runtime.CompilerServices.TaskAwaiter.HandleNonSuccessAndDebuggerNotification(Task task)
   at Kudu.Services.ByteRanges.HttpRequestMessageExtensions.&lt;CopyToAsync&gt;d__1.MoveNext() in C:\__w\1\s\Kudu.Services\ByteRanges\HttpRequestMessageExtensions.cs:line 55
--- End of stack trace from previous location where exception was thrown ---
   at System.Runtime.CompilerServices.TaskAwaiter.ThrowForNonSuccess(Task task)
   at System.Runtime.CompilerServices.TaskAwaiter.HandleNonSuccessAndDebuggerNotification(Task task)
   at Kudu.Services.Deployment.PushDeploymentController.&lt;WriteSitePackageZip&gt;d__25.MoveNext() in C:\__w\1\s\Kudu.Services\Deployment\PushDeploymentController.cs:line 937
--- End of stack trace from previous location where exception was thrown ---
   at System.Runtime.CompilerServices.TaskAwaiter.ThrowForNonSuccess(Task task)
   at System.Runtime.CompilerServices.TaskAwaiter.HandleNonSuccessAndDebuggerNotification(Task task)
   at Kudu.Services.Deployment.PushDeploymentController.&lt;&gt;c__DisplayClass16_0.&lt;&lt;PushDeployAsync&gt;b__0&gt;d.MoveNext() in C:\__w\1\s\Kudu.Services\Deployment\PushDeploymentController.cs:line 512
--- End of stack trace from previous location where exception was thrown ---
   at System.Runtime.CompilerServices.TaskAwaiter.ThrowForNonSuccess(Task task)
   at System.Runtime.CompilerServices.TaskAwaiter.HandleNonSuccessAndDebuggerNotification(Task task)
   at Kudu.Contracts.Infrastructure.LockExtensions.&lt;LockOperationAsync&gt;d__6.MoveNext()
--- End of stack trace from previous location where exception was thrown ---
   at System.Runtime.CompilerServices.TaskAwaiter.ThrowForNonSuccess(Task task)
   at System.Runtime.CompilerServices.TaskAwaiter.HandleNonSuccessAndDebuggerNotification(Task task)
   at Kudu.Services.Infrastructure.LockExtensions.&lt;LockHttpOperationAsync&gt;d__1.MoveNext() in C:\__w\1\s\Kudu.Services\Infrastructure\LockExtensions.cs:line 30
--- End of stack trace from previous location where exception was thrown ---
   at System.Runtime.CompilerServices.TaskAwaiter.ThrowForNonSuccess(Task task)
   at System.Runtime.CompilerServices.TaskAwaiter.HandleNonSuccessAndDebuggerNotification(Task task)
   at System.Runtime.CompilerServices.TaskAwaiter.ValidateEnd(Task task)
   at Kudu.Services.Deployment.PushDeploymentController.&lt;PushDeployAsync&gt;d__16.MoveNext() in C:\__w\1\s\Kudu.Services\Deployment\PushDeploymentController.cs:line 501
--- End of stack trace from previous location where exception was thrown ---
   at System.Runtime.CompilerServices.TaskAwaiter.ThrowForNonSuccess(Task task)
   at System.Runtime.CompilerServices.TaskAwaiter.HandleNonSuccessAndDebuggerNotification(Task task)
   at Kudu.Services.Deployment.PushDeploymentController.&lt;ZipPushDeploy&gt;d__12.MoveNext() in C:\__w\1\s\Kudu.Services\Deployment\PushDeploymentController.cs:line 103
--- End of stack trace from previous location where exception was thrown ---
   at System.Runtime.CompilerServices.TaskAwaiter.ThrowForNonSuccess(Task task)
   at System.Runtime.CompilerServices.TaskAwaiter.HandleNonSuccessAndDebuggerNotification(Task task)
   at System.Threading.Tasks.TaskHelpersExtensions.&lt;CastToObject&gt;d__3`1.MoveNext()
--- End of stack trace from previous location where exception was thrown ---
   at System.Runtime.CompilerServices.TaskAwaiter.ThrowForNonSuccess(Task task)
   at System.Runtime.CompilerServices.TaskAwaiter.HandleNonSuccessAndDebuggerNotification(Task task)
   at System.Web.Http.Controllers.ApiControllerActionInvoker.&lt;InvokeActionAsyncCore&gt;d__0.MoveNext()
--- End of stack trace from previous location where exception was thrown ---
   at System.Runtime.CompilerServices.TaskAwaiter.ThrowForNonSuccess(Task task)
   at System.Runtime.CompilerServices.TaskAwaiter.HandleNonSuccessAndDebuggerNotification(Task task)
   at System.Web.Http.Filters.ActionFilterAttribute.&lt;CallOnActionExecutedAsync&gt;d__5.MoveNext()
--- End of stack trace from previous location where exception was thrown ---
   at System.Web.Http.Filters.ActionFilterAttribute.&lt;CallOnActionExecutedAsync&gt;d__5.MoveNext()
--- End of stack trace from previous location where exception was thrown ---
   at System.Runtime.CompilerServices.TaskAwaiter.ThrowForNonSuccess(Task task)
   at System.Runtime.CompilerServices.TaskAwaiter.HandleNonSuccessAndDebuggerNotification(Task task)
   at System.Web.Http.Filters.ActionFilterAttribute.&lt;ExecuteActionFilterAsyncCore&gt;d__0.MoveNext()
--- End of stack trace from previous location where exception was thrown ---
   at System.Runtime.CompilerServices.TaskAwaiter.ThrowForNonSuccess(Task task)
   at System.Runtime.CompilerServices.TaskAwaiter.HandleNonSuccessAndDebuggerNotification(Task task)
   at System.Web.Http.Filters.ActionFilterAttribute.&lt;CallOnActionExecutedAsync&gt;d__5.MoveNext()
--- End of stack trace from previous location where exception was thrown ---
   at System.Web.Http.Filters.ActionFilterAttribute.&lt;CallOnActionExecutedAsync&gt;d__5.MoveNext()
--- End of stack trace from previous location where exception was thrown ---
   at System.Runtime.CompilerServices.TaskAwaiter.ThrowForNonSuccess(Task task)
   at System.Runtime.CompilerServices.TaskAwaiter.HandleNonSuccessAndDebuggerNotification(Task task)
   at System.Web.Http.Filters.ActionFilterAttribute.&lt;ExecuteActionFilterAsyncCore&gt;d__0.MoveNext()
--- End of stack trace from previous location where exception was thrown ---
   at System.Runtime.CompilerServices.TaskAwaiter.ThrowForNonSuccess(Task task)
   at System.Runtime.CompilerServices.TaskAwaiter.HandleNonSuccessAndDebuggerNotification(Task task)
   at System.Web.Http.Controllers.ActionFilterResult.&lt;ExecuteAsync&gt;d__2.MoveNext()
--- End of stack trace from previous location where exception was thrown ---
   at System.Runtime.CompilerServices.TaskAwaiter.ThrowForNonSuccess(Task task)
   at System.Runtime.CompilerServices.TaskAwaiter.HandleNonSuccessAndDebuggerNotification(Task task)
   at System.Web.Http.Controllers.ExceptionFilterResult.&lt;ExecuteAsync&gt;d__0.MoveNext()" /><!-- duration: 16ms -->
  <step title="Outgoing response" date="2025-08-16T18:31:20.482" type="response" statusCode="500" statusText="Internal Server Error" Server="Microsoft-IIS/10.0" x-ms-request-id="37507499-4af8-4990-9f6b-b61f78328a45" Cache-Control="private" X-AspNet-Version="4.0.30319" Content-Type="application/json; charset=utf-8" /><!-- duration: 16ms -->
</step><!-- duration: 388383ms -->
