<step title="Incoming Request" date="2025-08-16T19:19:19.949" instance="92ca53" url="/api/publish?type=zip" method="POST" type="request" pid="15592,2,9" Cache-Control="no-cache" Connection="Keep-Alive" Content-Length="41166343" Content-Type="application/octet-stream" Accept="*/*" Accept-Encoding="gzip, deflate" Authorization="Bas..." Host="bookreviewapp-1755367448.scm.azurewebsites.net" User-Agent="AZURECLI/2.76.0 (DEB)" x-ms-client-request-id="e060162a-7ad5-11f0-9b67-00163ebab6ce" X-ARR-LOG-ID="e060162a-7ad5-11f0-9b67-00163ebab6ce" CLIENT-IP="102.164.1.247:44478" X-SITE-DEPLOYMENT-ID="bookreviewapp-1755367448" WAS-DEFAULT-HOSTNAME="bookreviewapp-1755367448.scm.azurewebsites.net" X-Forwarded-Proto="https" X-AppService-Proto="https" X-Forwarded-TlsVersion="1.3" X-WAWS-Unencoded-URL="/api/publish?type=zip" X-MS-COLDSTART="1" >
  <step title="OneDeploy" date="2025-08-16T19:19:20.152" >
    <step title="Starting PushDeployAsync" date="2025-08-16T19:19:20.167" /><!-- duration: 16ms -->
    <step title="Updating shutdown sentinel last write time" date="2025-08-16T19:19:20.214" SemaphoreCount="7" /><!-- duration: 16ms -->
    <step title="LockFile &apos;C:\home\site\locks\deployments.lock&apos; acquired" date="2025-08-16T19:19:20.230" /><!-- duration: 0ms -->
    <step title="Deleting outdated zip file C:\home\data\SitePackages\20250816183215.zip" date="2025-08-16T19:19:20.245" /><!-- duration: 16ms -->
    <step title="Saving request content to C:\home\data\SitePackages\20250816191920.zip" date="2025-08-16T19:19:20.261" >
      <step title="Writing 3,371,008 bytes to C:\home\data\SitePackages\20250816191920.zip" date="2025-08-16T19:19:51.605" /><!-- duration: 0ms -->
      <step title="Writing 6,877,184 bytes to C:\home\data\SitePackages\20250816191920.zip" date="2025-08-16T19:20:21.730" /><!-- duration: 16ms -->
      <step title="Writing 10,104,832 bytes to C:\home\data\SitePackages\20250816191920.zip" date="2025-08-16T19:20:51.814" /><!-- duration: 16ms -->
      <step title="Writing 13,447,168 bytes to C:\home\data\SitePackages\20250816191920.zip" date="2025-08-16T19:21:21.939" /><!-- duration: 16ms -->
      <step title="Writing 16,822,272 bytes to C:\home\data\SitePackages\20250816191920.zip" date="2025-08-16T19:21:52.024" /><!-- duration: 16ms -->
      <step title="Writing 20,164,608 bytes to C:\home\data\SitePackages\20250816191920.zip" date="2025-08-16T19:22:22.102" /><!-- duration: 0ms -->
      <step title="Writing 23,539,712 bytes to C:\home\data\SitePackages\20250816191920.zip" date="2025-08-16T19:22:52.165" /><!-- duration: 16ms -->
      <step title="Writing 26,963,968 bytes to C:\home\data\SitePackages\20250816191920.zip" date="2025-08-16T19:23:22.274" /><!-- duration: 16ms -->
      <step title="Writing 30,240,768 bytes to C:\home\data\SitePackages\20250816191920.zip" date="2025-08-16T19:23:52.444" /><!-- duration: 0ms -->
      <step title="Writing 33,517,568 bytes to C:\home\data\SitePackages\20250816191920.zip" date="2025-08-16T19:24:22.553" /><!-- duration: 16ms -->
      <step title="Writing 36,597,760 bytes to C:\home\data\SitePackages\20250816191920.zip" date="2025-08-16T19:24:52.843" /><!-- duration: 0ms -->
      <step title="Writing 39,038,976 bytes to C:\home\data\SitePackages\20250816191920.zip" date="2025-08-16T19:25:23.202" /><!-- duration: 0ms -->
      <step title="Total 41,166,343 bytes written to C:\home\data\SitePackages\20250816191920.zip" date="2025-08-16T19:25:43.252" /><!-- duration: 0ms -->
    </step><!-- duration: 383007ms -->
    <step title="LockFile &apos;C:\home\site\locks\deployments.lock&apos; released" date="2025-08-16T19:25:43.268" /><!-- duration: 16ms -->
    <step title="Deleting shutdown sentinel file" date="2025-08-16T19:25:43.284" SemaphoreCount="8" /><!-- duration: 16ms -->
    <step title="Starting FetchDeploy" date="2025-08-16T19:25:43.299" /><!-- duration: 0ms -->
    <step title="Attempting to fetch target branch HEAD" date="2025-08-16T19:25:43.315" /><!-- duration: 0ms -->
    <step title="Updating shutdown sentinel last write time" date="2025-08-16T19:25:43.330" SemaphoreCount="7" /><!-- duration: 0ms -->
    <step title="LockFile &apos;C:\home\site\locks\deployments.lock&apos; acquired" date="2025-08-16T19:25:43.346" /><!-- duration: 0ms -->
    <step title="Performing fetch based deployment" date="2025-08-16T19:25:43.362" >
      <step title="Creating temporary deployment" date="2025-08-16T19:25:43.362" /><!-- duration: 47ms -->
      <step title="Fetching changes." date="2025-08-16T19:25:43.471" /><!-- duration: 0ms -->
      <step title="Starting LocalZipHandler" date="2025-08-16T19:25:43.502" /><!-- duration: 0ms -->
      <step title="Starting ExtractTriggers" date="2025-08-16T19:25:43.502" /><!-- duration: 16ms -->
      <step title="None repository commit" date="2025-08-16T19:25:43.534" >
        <step title="Commit id: c7f4eb8076e544f391f1eacdf3a31513" date="2025-08-16T19:25:43.534" Message="OneDeploy" AuthorName="N/A" AuthorEmail="N/A" /><!-- duration: 0ms -->
      </step><!-- duration: 16ms -->
      <step title="Before sending BuildRequestReceived status to /api/updatedeploystatus" date="2025-08-16T19:25:43.549" /><!-- duration: 0ms -->
      <step title="DeploymentManager.Deploy(id:c7f4eb8076e544f391f1eacdf3a31513)" date="2025-08-16T19:25:43.565" >
        <step title="Collecting changeset information" date="2025-08-16T19:25:43.580" /><!-- duration: 47ms -->
        <step title="Updating submodules" date="2025-08-16T19:25:43.627" >
          <step title="Updating submodules." date="2025-08-16T19:25:43.674" /><!-- duration: 0ms -->
        </step><!-- duration: 47ms -->
        <step title="Preparing deployment for commit id &apos;c7f4eb8076&apos;." date="2025-08-16T19:25:43.721" /><!-- duration: 16ms -->
        <step title="Determining deployment builder" date="2025-08-16T19:25:43.784" >
          <step title="Builder is RunFromZipSiteBuilder" date="2025-08-16T19:25:43.784" /><!-- duration: 0ms -->
        </step><!-- duration: 16ms -->
        <step title="Copying SSH keys" date="2025-08-16T19:25:43.815" /><!-- duration: 0ms -->
        <step title="Building" date="2025-08-16T19:25:43.830" >
          <step title="Skipping build. Project type: Run-From-Zip" date="2025-08-16T19:25:43.893" /><!-- duration: 0ms -->
          <step title="Skipping post build. Project type: Run-From-Zip" date="2025-08-16T19:25:43.940" /><!-- duration: 0ms -->
          <step title="Requesting site restart" date="2025-08-16T19:25:44.002" /><!-- duration: 0ms -->
          <step title="Requesting site restart" date="2025-08-16T19:25:44.018" /><!-- duration: 0ms -->
          <step title="Requesting site restart. Attempt #1" date="2025-08-16T19:25:44.065" /><!-- duration: 0ms -->
          <step title="Requesting site restart. Attempt #1" date="2025-08-16T19:25:44.080" /><!-- duration: 0ms -->
          <step title="Successfully requested a restart. Attempt #1" date="2025-08-16T19:25:44.252" /><!-- duration: 0ms -->
          <step title="Successfully requested a restart. Attempt #1" date="2025-08-16T19:25:44.268" /><!-- duration: 0ms -->
          <step title="Deployment successful. DEPLOYMENTINFO: deploymentPath = OneDeploy, deployer = OneDeploy, os = windows, sku = Free, siteName = bookreviewapp-1755367448, siteHostName = bookreviewapp-1755367448.azurewebsites.net, deploymentStatus = Success" date="2025-08-16T19:25:44.315" /><!-- duration: 0ms -->
        </step><!-- duration: 609ms -->
      </step><!-- duration: 875ms -->
      <step title="Cleaning up temp files" date="2025-08-16T19:25:44.440" /><!-- duration: 16ms -->
      <step title="Updating C:\home\data\SitePackages\packagename.txt with deployment 20250816191920.zip" date="2025-08-16T19:25:44.455" /><!-- duration: 78ms -->
      <step title="Skip function trigger and logicapp sync because function is not enabled." date="2025-08-16T19:25:44.534" /><!-- duration: 0ms -->
    </step><!-- duration: 1219ms -->
    <step title="LockFile &apos;C:\home\site\locks\deployments.lock&apos; released" date="2025-08-16T19:25:44.596" /><!-- duration: 0ms -->
    <step title="Deleting shutdown sentinel file" date="2025-08-16T19:25:44.612" SemaphoreCount="8" /><!-- duration: 0ms -->
  </step><!-- duration: 384460ms -->
  <step title="Outgoing response" date="2025-08-16T19:25:44.643" type="response" statusCode="200" statusText="OK" Server="Microsoft-IIS/10.0" x-ms-request-id="e060162a-7ad5-11f0-9b67-00163ebab6ce" Cache-Control="private" X-AspNet-Version="4.0.30319" /><!-- duration: 0ms -->
</step><!-- duration: 384694ms -->
