<step title="Incoming Request" date="2025-08-16T19:33:18.783" instance="92ca53" url="/api/publish?type=zip" method="POST" type="request" pid="12248,2,8" Cache-Control="no-cache" Content-Length="41185449" Content-Type="application/octet-stream" Accept="*/*" Accept-Encoding="gzip, deflate" Authorization="Bas..." Host="bookreviewapp-1755367448.scm.azurewebsites.net" User-Agent="AZURECLI/2.76.0 (DEB)" x-ms-client-request-id="d696781c-7ad7-11f0-bf59-00163ebab6ce" X-ARR-LOG-ID="d696781c-7ad7-11f0-bf59-00163ebab6ce" CLIENT-IP="102.164.1.247:51822" X-SITE-DEPLOYMENT-ID="bookreviewapp-1755367448" WAS-DEFAULT-HOSTNAME="bookreviewapp-1755367448.scm.azurewebsites.net" X-Forwarded-Proto="https" X-AppService-Proto="https" X-Forwarded-TlsVersion="1.3" X-WAWS-Unencoded-URL="/api/publish?type=zip" >
  <step title="Cleanup Xml Logs" date="2025-08-16T19:33:18.783" /><!-- duration: 16ms -->
  <step title="OneDeploy" date="2025-08-16T19:33:19.455" >
    <step title="Starting PushDeployAsync" date="2025-08-16T19:33:19.470" /><!-- duration: 0ms -->
    <step title="Updating shutdown sentinel last write time" date="2025-08-16T19:33:19.517" SemaphoreCount="7" /><!-- duration: 16ms -->
    <step title="LockFile &apos;C:\home\site\locks\deployments.lock&apos; acquired" date="2025-08-16T19:33:19.533" /><!-- duration: 0ms -->
    <step title="Deleting outdated zip file C:\home\data\SitePackages\20250816183926.zip" date="2025-08-16T19:33:19.548" /><!-- duration: 16ms -->
    <step title="Saving request content to C:\home\data\SitePackages\20250816193319.zip" date="2025-08-16T19:33:19.564" >
      <step title="Writing 3,092,480 bytes to C:\home\data\SitePackages\20250816193319.zip" date="2025-08-16T19:33:49.587" /><!-- duration: 16ms -->
      <step title="Writing 6,123,520 bytes to C:\home\data\SitePackages\20250816193319.zip" date="2025-08-16T19:34:19.681" /><!-- duration: 0ms -->
      <step title="Writing 9,302,016 bytes to C:\home\data\SitePackages\20250816193319.zip" date="2025-08-16T19:34:49.705" /><!-- duration: 16ms -->
      <step title="Writing 12,169,216 bytes to C:\home\data\SitePackages\20250816193319.zip" date="2025-08-16T19:35:19.814" /><!-- duration: 16ms -->
      <step title="Writing 15,265,792 bytes to C:\home\data\SitePackages\20250816193319.zip" date="2025-08-16T19:35:49.934" /><!-- duration: 0ms -->
      <step title="Writing 18,345,984 bytes to C:\home\data\SitePackages\20250816193319.zip" date="2025-08-16T19:36:20.044" /><!-- duration: 16ms -->
      <step title="Writing 21,508,096 bytes to C:\home\data\SitePackages\20250816193319.zip" date="2025-08-16T19:36:50.184" /><!-- duration: 0ms -->
      <step title="Writing 24,784,896 bytes to C:\home\data\SitePackages\20250816193319.zip" date="2025-08-16T19:37:20.872" /><!-- duration: 0ms -->
      <step title="Writing 27,521,024 bytes to C:\home\data\SitePackages\20250816193319.zip" date="2025-08-16T19:37:50.966" /><!-- duration: 16ms -->
      <step title="Writing 30,437,376 bytes to C:\home\data\SitePackages\20250816193319.zip" date="2025-08-16T19:38:21.125" /><!-- duration: 0ms -->
      <step title="Writing 33,435,648 bytes to C:\home\data\SitePackages\20250816193319.zip" date="2025-08-16T19:38:51.329" /><!-- duration: 16ms -->
      <step title="Writing 35,172,352 bytes to C:\home\data\SitePackages\20250816193319.zip" date="2025-08-16T19:39:21.346" /><!-- duration: 0ms -->
      <step title="Writing 37,023,744 bytes to C:\home\data\SitePackages\20250816193319.zip" date="2025-08-16T19:39:51.484" /><!-- duration: 16ms -->
      <step title="Writing 38,383,616 bytes to C:\home\data\SitePackages\20250816193319.zip" date="2025-08-16T19:40:21.541" /><!-- duration: 16ms -->
      <step title="Writing 40,611,840 bytes to C:\home\data\SitePackages\20250816193319.zip" date="2025-08-16T19:40:51.685" /><!-- duration: 16ms -->
      <step title="Total 41,185,449 bytes written to C:\home\data\SitePackages\20250816193319.zip" date="2025-08-16T19:40:57.997" /><!-- duration: 16ms -->
    </step><!-- duration: 458464ms -->
    <step title="LockFile &apos;C:\home\site\locks\deployments.lock&apos; released" date="2025-08-16T19:40:58.029" /><!-- duration: 16ms -->
    <step title="Deleting shutdown sentinel file" date="2025-08-16T19:40:58.044" SemaphoreCount="8" /><!-- duration: 0ms -->
    <step title="Starting FetchDeploy" date="2025-08-16T19:40:58.060" /><!-- duration: 0ms -->
    <step title="Attempting to fetch target branch HEAD" date="2025-08-16T19:40:58.075" /><!-- duration: 0ms -->
    <step title="Updating shutdown sentinel last write time" date="2025-08-16T19:40:58.091" SemaphoreCount="7" /><!-- duration: 0ms -->
    <step title="LockFile &apos;C:\home\site\locks\deployments.lock&apos; acquired" date="2025-08-16T19:40:58.091" /><!-- duration: 16ms -->
    <step title="Performing fetch based deployment" date="2025-08-16T19:40:58.107" >
      <step title="Creating temporary deployment" date="2025-08-16T19:40:58.122" /><!-- duration: 31ms -->
      <step title="Fetching changes." date="2025-08-16T19:40:58.216" /><!-- duration: 16ms -->
      <step title="Starting LocalZipHandler" date="2025-08-16T19:40:58.247" /><!-- duration: 0ms -->
      <step title="Starting ExtractTriggers" date="2025-08-16T19:40:58.263" /><!-- duration: 0ms -->
      <step title="None repository commit" date="2025-08-16T19:40:58.279" >
        <step title="Commit id: eacba18cce2e4670acd2dd625f0b2b3b" date="2025-08-16T19:40:58.294" Message="OneDeploy" AuthorName="N/A" AuthorEmail="N/A" /><!-- duration: 0ms -->
      </step><!-- duration: 16ms -->
      <step title="Before sending BuildRequestReceived status to /api/updatedeploystatus" date="2025-08-16T19:40:58.310" /><!-- duration: 0ms -->
      <step title="DeploymentManager.Deploy(id:eacba18cce2e4670acd2dd625f0b2b3b)" date="2025-08-16T19:40:58.310" >
        <step title="Collecting changeset information" date="2025-08-16T19:40:58.325" /><!-- duration: 47ms -->
        <step title="Updating submodules" date="2025-08-16T19:40:58.372" >
          <step title="Updating submodules." date="2025-08-16T19:40:58.419" /><!-- duration: 0ms -->
        </step><!-- duration: 62ms -->
        <step title="Preparing deployment for commit id &apos;eacba18cce&apos;." date="2025-08-16T19:40:58.482" /><!-- duration: 0ms -->
        <step title="Determining deployment builder" date="2025-08-16T19:40:58.529" >
          <step title="Builder is RunFromZipSiteBuilder" date="2025-08-16T19:40:58.529" /><!-- duration: 16ms -->
        </step><!-- duration: 16ms -->
        <step title="Copying SSH keys" date="2025-08-16T19:40:58.560" /><!-- duration: 16ms -->
        <step title="Building" date="2025-08-16T19:40:58.575" >
          <step title="Skipping build. Project type: Run-From-Zip" date="2025-08-16T19:40:58.622" /><!-- duration: 0ms -->
          <step title="Skipping post build. Project type: Run-From-Zip" date="2025-08-16T19:40:58.669" /><!-- duration: 0ms -->
          <step title="Requesting site restart" date="2025-08-16T19:40:58.732" /><!-- duration: 0ms -->
          <step title="Requesting site restart" date="2025-08-16T19:40:58.763" /><!-- duration: 0ms -->
          <step title="Requesting site restart. Attempt #1" date="2025-08-16T19:40:58.810" /><!-- duration: 0ms -->
          <step title="Requesting site restart. Attempt #1" date="2025-08-16T19:40:58.825" /><!-- duration: 0ms -->
          <step title="Successfully requested a restart. Attempt #1" date="2025-08-16T19:40:58.997" /><!-- duration: 0ms -->
          <step title="Successfully requested a restart. Attempt #1" date="2025-08-16T19:40:59.013" /><!-- duration: 0ms -->
          <step title="Deployment successful. DEPLOYMENTINFO: deploymentPath = OneDeploy, deployer = OneDeploy, os = windows, sku = Free, siteName = bookreviewapp-1755367448, siteHostName = bookreviewapp-1755367448.azurewebsites.net, deploymentStatus = Success" date="2025-08-16T19:40:59.060" /><!-- duration: 0ms -->
        </step><!-- duration: 609ms -->
      </step><!-- duration: 875ms -->
      <step title="Cleaning up temp files" date="2025-08-16T19:40:59.200" /><!-- duration: 0ms -->
      <step title="Updating C:\home\data\SitePackages\packagename.txt with deployment 20250816193319.zip" date="2025-08-16T19:40:59.200" /><!-- duration: 78ms -->
      <step title="Skip function trigger and logicapp sync because function is not enabled." date="2025-08-16T19:40:59.294" /><!-- duration: 0ms -->
    </step><!-- duration: 1234ms -->
    <step title="LockFile &apos;C:\home\site\locks\deployments.lock&apos; released" date="2025-08-16T19:40:59.341" /><!-- duration: 0ms -->
    <step title="Deleting shutdown sentinel file" date="2025-08-16T19:40:59.357" SemaphoreCount="8" /><!-- duration: 0ms -->
  </step><!-- duration: 459918ms -->
  <step title="Outgoing response" date="2025-08-16T19:40:59.372" type="response" statusCode="200" statusText="OK" Server="Microsoft-IIS/10.0" x-ms-request-id="d696781c-7ad7-11f0-bf59-00163ebab6ce" Cache-Control="private" X-AspNet-Version="4.0.30319" /><!-- duration: 16ms -->
</step><!-- duration: 460605ms -->
