<step title="Incoming Request" date="2025-08-17T15:40:04.260" instance="92ca53" url="/api/publish?type=zip" method="POST" type="request" pid="13684,2,9" Cache-Control="no-cache" Content-Length="41212005" Content-Type="application/octet-stream" Accept="*/*" Accept-Encoding="gzip, deflate" Authorization="Bas..." Host="bookreviewapp-1755367448.scm.azurewebsites.net" User-Agent="AZURECLI/2.76.0 (DEB)" x-ms-client-request-id="6a6ad12a-7b80-11f0-9745-00163ebab6ce" X-ARR-LOG-ID="6a6ad12a-7b80-11f0-9745-00163ebab6ce" CLIENT-IP="102.164.1.247:52954" X-SITE-DEPLOYMENT-ID="bookreviewapp-1755367448" WAS-DEFAULT-HOSTNAME="bookreviewapp-1755367448.scm.azurewebsites.net" X-Forwarded-Proto="https" X-AppService-Proto="https" X-Forwarded-TlsVersion="1.3" X-WAWS-Unencoded-URL="/api/publish?type=zip" >
  <step title="OneDeploy" date="2025-08-17T15:40:04.400" >
    <step title="Starting PushDeployAsync" date="2025-08-17T15:40:04.416" /><!-- duration: 0ms -->
    <step title="Updating shutdown sentinel last write time" date="2025-08-17T15:40:04.463" SemaphoreCount="7" /><!-- duration: 16ms -->
    <step title="LockFile &apos;C:\home\site\locks\deployments.lock&apos; acquired" date="2025-08-17T15:40:04.479" /><!-- duration: 16ms -->
    <step title="Saving request content to C:\local\Temp\zipdeploy\1a3d4bcu.zip" date="2025-08-17T15:40:04.494" >
      <step title="Writing 3,256,320 bytes to C:\local\Temp\zipdeploy\1a3d4bcu.zip" date="2025-08-17T15:40:34.519" /><!-- duration: 16ms -->
      <step title="Writing 6,385,664 bytes to C:\local\Temp\zipdeploy\1a3d4bcu.zip" date="2025-08-17T15:41:04.566" /><!-- duration: 16ms -->
      <step title="Writing 9,646,080 bytes to C:\local\Temp\zipdeploy\1a3d4bcu.zip" date="2025-08-17T15:41:34.631" /><!-- duration: 0ms -->
      <step title="Writing 12,808,192 bytes to C:\local\Temp\zipdeploy\1a3d4bcu.zip" date="2025-08-17T15:42:04.662" /><!-- duration: 16ms -->
      <step title="Writing 16,117,760 bytes to C:\local\Temp\zipdeploy\1a3d4bcu.zip" date="2025-08-17T15:42:35.369" /><!-- duration: 16ms -->
      <step title="Writing 19,427,328 bytes to C:\local\Temp\zipdeploy\1a3d4bcu.zip" date="2025-08-17T15:43:05.490" /><!-- duration: 16ms -->
      <step title="Writing 22,671,360 bytes to C:\local\Temp\zipdeploy\1a3d4bcu.zip" date="2025-08-17T15:43:35.566" /><!-- duration: 16ms -->
      <step title="Writing 25,866,240 bytes to C:\local\Temp\zipdeploy\1a3d4bcu.zip" date="2025-08-17T15:44:05.912" /><!-- duration: 16ms -->
      <step title="Writing 29,093,888 bytes to C:\local\Temp\zipdeploy\1a3d4bcu.zip" date="2025-08-17T15:44:35.975" /><!-- duration: 16ms -->
      <step title="Writing 32,157,696 bytes to C:\local\Temp\zipdeploy\1a3d4bcu.zip" date="2025-08-17T15:45:06.153" /><!-- duration: 0ms -->
      <step title="Writing 35,500,032 bytes to C:\local\Temp\zipdeploy\1a3d4bcu.zip" date="2025-08-17T15:45:36.247" /><!-- duration: 16ms -->
      <step title="Writing 38,989,824 bytes to C:\local\Temp\zipdeploy\1a3d4bcu.zip" date="2025-08-17T15:46:06.342" /><!-- duration: 16ms -->
      <step title="Total 41,212,005 bytes written to C:\local\Temp\zipdeploy\1a3d4bcu.zip" date="2025-08-17T15:46:25.639" /><!-- duration: 0ms -->
    </step><!-- duration: 381160ms -->
    <step title="LockFile &apos;C:\home\site\locks\deployments.lock&apos; released" date="2025-08-17T15:46:25.654" /><!-- duration: 16ms -->
    <step title="Deleting shutdown sentinel file" date="2025-08-17T15:46:25.670" SemaphoreCount="8" /><!-- duration: 16ms -->
    <step title="Starting FetchDeploy" date="2025-08-17T15:46:25.686" /><!-- duration: 0ms -->
    <step title="Attempting to fetch target branch HEAD" date="2025-08-17T15:46:25.701" /><!-- duration: 0ms -->
    <step title="Updating shutdown sentinel last write time" date="2025-08-17T15:46:25.717" SemaphoreCount="7" /><!-- duration: 0ms -->
    <step title="LockFile &apos;C:\home\site\locks\deployments.lock&apos; acquired" date="2025-08-17T15:46:25.717" /><!-- duration: 16ms -->
    <step title="Performing fetch based deployment" date="2025-08-17T15:46:25.732" >
      <step title="Creating temporary deployment" date="2025-08-17T15:46:25.748" /><!-- duration: 47ms -->
      <step title="Fetching changes." date="2025-08-17T15:46:25.857" /><!-- duration: 16ms -->
      <step title="Starting LocalZipHandler" date="2025-08-17T15:46:25.889" /><!-- duration: 0ms -->
      <step title="Starting LocalZipFetch" date="2025-08-17T15:46:25.889" /><!-- duration: 16ms -->
      <step title="Cleaning up temp folders from previous zip deployments and extracting pushed zip file C:\local\Temp\zipdeploy\1a3d4bcu.zip (39.30 MB) to C:\local\Temp\zipdeploy\extracted" date="2025-08-17T15:46:25.904" /><!-- duration: 16ms -->
      <step title="Cleaning up temp folders from previous zip deployments and extracting pushed zip file C:\local\Temp\zipdeploy\1a3d4bcu.zip (39.30 MB) to C:\local\Temp\zipdeploy\extracted" date="2025-08-17T15:46:25.920" >
        <step title="Extracting 280 entries to C:\local\Temp\zipdeploy\extracted directory" date="2025-08-17T15:46:25.936" >
          <step title="Extracting to C:\local\Temp\zipdeploy\extracted\appsettings.json ..." date="2025-08-17T15:46:25.936" /><!-- duration: 0ms -->
          <step title="Extracting to C:\local\Temp\zipdeploy\extracted\appsettings.Production.json ..." date="2025-08-17T15:46:25.951" /><!-- duration: 0ms -->
          <step title="Extracting to C:\local\Temp\zipdeploy\extracted\appsettings.Development.json ..." date="2025-08-17T15:46:25.951" /><!-- duration: 16ms -->
          <step title="Extracting to C:\local\Temp\zipdeploy\extracted\BookReviewApp.Web.dll ..." date="2025-08-17T15:46:25.967" /><!-- duration: 16ms -->
          <step title="Extracting to C:\local\Temp\zipdeploy\extracted\BookReviewApp.Web.runtimeconfig.json ..." date="2025-08-17T15:46:25.982" /><!-- duration: 0ms -->
          <step title="Omitting extracting file traces ..." date="2025-08-17T15:46:25.998" /><!-- duration: 0ms -->
        </step><!-- duration: 1156ms -->
      </step><!-- duration: 1188ms -->
      <step title="None repository commit" date="2025-08-17T15:46:27.107" >
        <step title="Commit id: 4c7141b61ae64a67ac1b4221d4a9d06f" date="2025-08-17T15:46:27.107" Message="OneDeploy" AuthorName="N/A" AuthorEmail="N/A" /><!-- duration: 16ms -->
      </step><!-- duration: 16ms -->
      <step title="Before sending BuildRequestReceived status to /api/updatedeploystatus" date="2025-08-17T15:46:27.123" /><!-- duration: 0ms -->
      <step title="DeploymentManager.Deploy(id:4c7141b61ae64a67ac1b4221d4a9d06f)" date="2025-08-17T15:46:27.139" >
        <step title="Collecting changeset information" date="2025-08-17T15:46:27.154" /><!-- duration: 47ms -->
        <step title="Updating submodules" date="2025-08-17T15:46:27.201" >
          <step title="Updating submodules." date="2025-08-17T15:46:27.248" /><!-- duration: 0ms -->
        </step><!-- duration: 47ms -->
        <step title="Preparing deployment for commit id &apos;4c7141b61a&apos;." date="2025-08-17T15:46:27.295" /><!-- duration: 16ms -->
        <step title="Determining deployment builder" date="2025-08-17T15:46:27.342" >
          <step title="Builder is OneDeployBuilder" date="2025-08-17T15:46:27.357" /><!-- duration: 0ms -->
        </step><!-- duration: 16ms -->
        <step title="Copying SSH keys" date="2025-08-17T15:46:27.373" /><!-- duration: 16ms -->
        <step title="Building" date="2025-08-17T15:46:27.389" >
          <step title="Running build. Project type: OneDeploy" date="2025-08-17T15:46:27.436" /><!-- duration: 16ms -->
          <step title="Copying the manifest" date="2025-08-17T15:46:27.482" /><!-- duration: 16ms -->
          <step title="Clean deploying to C:\home\site\wwwroot" date="2025-08-17T15:46:27.576" /><!-- duration: 0ms -->
          <step title="Generating deployment script." date="2025-08-17T15:46:27.623" /><!-- duration: 0ms -->
          <step title="Generating deployment script" date="2025-08-17T15:46:27.639" >
            <step title="Using cached version of the deployment script for command: -y --no-dot-deployment -r &quot;C:\local\Temp\zipdeploy\extracted&quot; -o &quot;C:\home\site\deployments\tools&quot; --basic --sitePath &quot;C:\local\Temp\zipdeploy\extracted&quot;" date="2025-08-17T15:46:27.670" /><!-- duration: 0ms -->
            <step title="Using cached version of deployment script (command: &apos;azure -y --no-dot-deployment -r &quot;C:\local\Temp\zipdeploy\extracted&quot; -o &quot;C:\home\site\deployments\tools&quot; --basic --sitePath &quot;C:\local\Temp\zipdeploy\extracted&quot;&apos;)." date="2025-08-17T15:46:27.701" /><!-- duration: 0ms -->
          </step><!-- duration: 78ms -->
          <step title="Running deployment command..." date="2025-08-17T15:46:27.764" /><!-- duration: 0ms -->
          <step title="Command: &quot;C:\home\site\deployments\tools\deploy.cmd&quot;" date="2025-08-17T15:46:27.779" /><!-- duration: 16ms -->
          <step title="Executing external process" date="2025-08-17T15:46:27.811" type="process" path="starter.cmd" arguments="&quot;C:\home\site\deployments\tools\deploy.cmd&quot;" >
            <step title="Handling Basic Web Site deployment." date="2025-08-17T15:46:27.951" /><!-- duration: 16ms -->
            <step title="Creating app_offline.htm" date="2025-08-17T15:46:28.436" /><!-- duration: 16ms -->
            <step title="KuduSync.NET from: &apos;C:\local\Temp\zipdeploy\extracted&apos; to: &apos;C:\home\site\wwwroot&apos;" date="2025-08-17T15:46:28.467" /><!-- duration: 0ms -->
            <step title="Deleting file: &apos;BookReviewApp.db&apos;" date="2025-08-17T15:46:28.482" /><!-- duration: 0ms -->
            <step title="Copying file: &apos;BookReviewApp.Data.dll&apos;" date="2025-08-17T15:46:28.498" /><!-- duration: 0ms -->
            <step title="Copying file: &apos;BookReviewApp.Data.pdb&apos;" date="2025-08-17T15:46:28.529" /><!-- duration: 0ms -->
            <step title="Copying file: &apos;BookReviewApp.Services.dll&apos;" date="2025-08-17T15:46:28.545" /><!-- duration: 0ms -->
            <step title="Copying file: &apos;BookReviewApp.Services.pdb&apos;" date="2025-08-17T15:46:28.561" /><!-- duration: 0ms -->
            <step title="Copying file: &apos;BookReviewApp.Web&apos;" date="2025-08-17T15:46:28.607" /><!-- duration: 0ms -->
            <step title="Copying file: &apos;BookReviewApp.Web.dll&apos;" date="2025-08-17T15:46:28.623" /><!-- duration: 0ms -->
            <step title="Copying file: &apos;BookReviewApp.Web.pdb&apos;" date="2025-08-17T15:46:28.639" /><!-- duration: 16ms -->
            <step title="Copying file: &apos;publish\publish\publish\appsettings.Development.json&apos;" date="2025-08-17T15:46:28.670" /><!-- duration: 0ms -->
            <step title="Copying file: &apos;publish\publish\publish\appsettings.json&apos;" date="2025-08-17T15:46:28.686" /><!-- duration: 0ms -->
            <step title="Copying file: &apos;publish\publish\publish\appsettings.Production.json&apos;" date="2025-08-17T15:46:28.701" /><!-- duration: 0ms -->
            <step title="Copying file: &apos;publish\publish\publish\BookReviewApp.Web.deps.json&apos;" date="2025-08-17T15:46:28.717" /><!-- duration: 16ms -->
            <step title="Copying file: &apos;publish\publish\publish\BookReviewApp.Web.runtimeconfig.json&apos;" date="2025-08-17T15:46:28.732" /><!-- duration: 16ms -->
            <step title="Copying file: &apos;wwwroot\images\placeholder.jpg&apos;" date="2025-08-17T15:46:28.764" /><!-- duration: 0ms -->
            <step title="Copying file: &apos;wwwroot\images\authors\orwell.jpg&apos;" date="2025-08-17T15:46:28.779" /><!-- duration: 0ms -->
            <step title="Copying file: &apos;wwwroot\images\authors\tolkien.jpg&apos;" date="2025-08-17T15:46:28.795" /><!-- duration: 0ms -->
            <step title="Copying file: &apos;wwwroot\images\books\1984.jpg&apos;" date="2025-08-17T15:46:28.811" /><!-- duration: 16ms -->
            <step title="Copying file: &apos;wwwroot\images\books\animal-farm.jpg&apos;" date="2025-08-17T15:46:28.842" /><!-- duration: 0ms -->
            <step title="Copying file: &apos;wwwroot\images\books\fellowship.jpg&apos;" date="2025-08-17T15:46:30.389" /><!-- duration: 0ms -->
            <step title="Copying file: &apos;wwwroot\images\books\hobbit.jpg&apos;" date="2025-08-17T15:46:30.404" /><!-- duration: 0ms -->
            <step title="Copying file: &apos;publish\publish\publish\web.config&apos;" date="2025-08-17T15:46:30.420" /><!-- duration: 0ms -->
            <step title="Deleting app_offline.htm" date="2025-08-17T15:46:30.436" /><!-- duration: 0ms -->
            <step title="Finished successfully." date="2025-08-17T15:46:30.467" /><!-- duration: 16ms -->
          </step><!-- duration: 2672ms -->
          <step title="Build completed succesfully." date="2025-08-17T15:46:30.529" /><!-- duration: 0ms -->
          <step title="Running post deployment command(s)..." date="2025-08-17T15:46:30.592" /><!-- duration: 16ms -->
          <step title="Requesting site restart" date="2025-08-17T15:46:30.654" /><!-- duration: 16ms -->
          <step title="Requesting site restart" date="2025-08-17T15:46:30.670" /><!-- duration: 16ms -->
          <step title="Requesting site restart. Attempt #1" date="2025-08-17T15:46:30.764" /><!-- duration: 0ms -->
          <step title="Requesting site restart. Attempt #1" date="2025-08-17T15:46:30.779" /><!-- duration: 0ms -->
          <step title="Successfully requested a restart. Attempt #1" date="2025-08-17T15:46:30.967" /><!-- duration: 0ms -->
          <step title="Successfully requested a restart. Attempt #1" date="2025-08-17T15:46:30.982" /><!-- duration: 0ms -->
          <step title="Deployment successful. DEPLOYMENTINFO: deploymentPath = OneDeploy, deployer = OneDeploy, os = windows, sku = Free, siteName = bookreviewapp-1755367448, siteHostName = bookreviewapp-1755367448.azurewebsites.net, deploymentStatus = Success" date="2025-08-17T15:46:31.029" /><!-- duration: 0ms -->
        </step><!-- duration: 3984ms -->
      </step><!-- duration: 4234ms -->
      <step title="Cleaning up temp files" date="2025-08-17T15:46:31.389" /><!-- duration: 0ms -->
      <step title="Skip function trigger and logicapp sync because function is not enabled." date="2025-08-17T15:46:31.404" /><!-- duration: 0ms -->
    </step><!-- duration: 5719ms -->
    <step title="LockFile &apos;C:\home\site\locks\deployments.lock&apos; released" date="2025-08-17T15:46:31.467" /><!-- duration: 0ms -->
    <step title="Deleting shutdown sentinel file" date="2025-08-17T15:46:31.482" SemaphoreCount="8" /><!-- duration: 0ms -->
  </step><!-- duration: 387082ms -->
  <step title="Outgoing response" date="2025-08-17T15:46:31.498" type="response" statusCode="200" statusText="OK" Server="Microsoft-IIS/10.0" x-ms-request-id="6a6ad12a-7b80-11f0-9745-00163ebab6ce" Cache-Control="private" X-AspNet-Version="4.0.30319" /><!-- duration: 16ms -->
</step><!-- duration: 387254ms -->
