<step title="Incoming Request" date="2025-08-16T18:32:14.492" instance="92ca53" url="/api/zipdeploy?isAsync=true" method="POST" type="request" pid="19340,2,43" Cache-Control="no-cache" Content-Length="41147400" Content-Type="application/octet-stream" Accept="*/*" Accept-Encoding="gzip, deflate" Authorization="Bas..." Host="bookreviewapp-1755367448.scm.azurewebsites.net" User-Agent="AZURECLI/2.76.0 (DEB)" x-ms-client-request-id="49ee38ee-7acf-11f0-a93a-00163ebab6ce" X-ARR-LOG-ID="49ee38ee-7acf-11f0-a93a-00163ebab6ce" CLIENT-IP="102.164.1.247:37562" X-SITE-DEPLOYMENT-ID="bookreviewapp-1755367448" WAS-DEFAULT-HOSTNAME="bookreviewapp-1755367448.scm.azurewebsites.net" X-Forwarded-Proto="https" X-AppService-Proto="https" X-Forwarded-TlsVersion="1.3" X-WAWS-Unencoded-URL="/api/zipdeploy?isAsync=true" >
  <step title="Cleanup Xml Logs" date="2025-08-16T18:32:14.492" /><!-- duration: 16ms -->
  <step title="ZipPushDeploy" date="2025-08-16T18:32:15.226" >
    <step title="ZipDeploy. Run from package." date="2025-08-16T18:32:15.242" /><!-- duration: 0ms -->
    <step title="Starting PushDeployAsync" date="2025-08-16T18:32:15.242" /><!-- duration: 16ms -->
    <step title="Updating shutdown sentinel last write time" date="2025-08-16T18:32:15.258" SemaphoreCount="7" /><!-- duration: 16ms -->
    <step title="LockFile &apos;C:\home\site\locks\deployments.lock&apos; acquired" date="2025-08-16T18:32:15.273" /><!-- duration: 0ms -->
    <step title="Saving request content to C:\home\data\SitePackages\20250816183215.zip" date="2025-08-16T18:32:15.289" >
      <step title="Writing 2,535,424 bytes to C:\home\data\SitePackages\20250816183215.zip" date="2025-08-16T18:32:45.509" /><!-- duration: 16ms -->
      <step title="Writing 4,698,112 bytes to C:\home\data\SitePackages\20250816183215.zip" date="2025-08-16T18:33:15.817" /><!-- duration: 16ms -->
      <step title="Writing 6,860,800 bytes to C:\home\data\SitePackages\20250816183215.zip" date="2025-08-16T18:33:45.961" /><!-- duration: 0ms -->
      <step title="Writing 9,187,328 bytes to C:\home\data\SitePackages\20250816183215.zip" date="2025-08-16T18:34:15.977" /><!-- duration: 16ms -->
      <step title="Writing 11,448,320 bytes to C:\home\data\SitePackages\20250816183215.zip" date="2025-08-16T18:34:46.277" /><!-- duration: 0ms -->
      <step title="Writing 13,643,776 bytes to C:\home\data\SitePackages\20250816183215.zip" date="2025-08-16T18:35:16.560" /><!-- duration: 16ms -->
      <step title="Writing 15,790,080 bytes to C:\home\data\SitePackages\20250816183215.zip" date="2025-08-16T18:35:46.736" /><!-- duration: 0ms -->
      <step title="Writing 18,100,224 bytes to C:\home\data\SitePackages\20250816183215.zip" date="2025-08-16T18:36:17.007" /><!-- duration: 16ms -->
      <step title="Writing 20,688,896 bytes to C:\home\data\SitePackages\20250816183215.zip" date="2025-08-16T18:36:47.150" /><!-- duration: 16ms -->
      <step title="Writing 23,293,952 bytes to C:\home\data\SitePackages\20250816183215.zip" date="2025-08-16T18:37:17.400" /><!-- duration: 16ms -->
      <step title="Writing 25,948,160 bytes to C:\home\data\SitePackages\20250816183215.zip" date="2025-08-16T18:37:47.432" /><!-- duration: 0ms -->
      <step title="Writing 28,110,848 bytes to C:\home\data\SitePackages\20250816183215.zip" date="2025-08-16T18:38:17.894" /><!-- duration: 0ms -->
      <step title="Writing 30,830,592 bytes to C:\home\data\SitePackages\20250816183215.zip" date="2025-08-16T18:38:48.060" /><!-- duration: 0ms -->
    </step><!-- duration: 393959ms -->
    <step title="LockFile &apos;C:\home\site\locks\deployments.lock&apos; released" date="2025-08-16T18:38:49.294" /><!-- duration: 0ms -->
    <step title="Deleting shutdown sentinel file" date="2025-08-16T18:38:49.310" SemaphoreCount="8" /><!-- duration: 0ms -->
  </step><!-- duration: 394084ms -->
  <step title="Error occurred" date="2025-08-16T18:38:49.325" type="error" text="The client disconnected." stackTrace="   at System.Web.Hosting.IIS7WorkerRequest.EndRead(IAsyncResult asyncResult)
   at System.Web.HttpBufferlessInputStream.EndRead(IAsyncResult asyncResult)
   at System.IO.Stream.&lt;&gt;c.&lt;BeginEndReadAsync&gt;b__43_1(Stream stream, IAsyncResult asyncResult)
   at System.Threading.Tasks.TaskFactory`1.FromAsyncTrimPromise`1.Complete(TInstance thisRef, Func`3 endMethod, IAsyncResult asyncResult, Boolean requiresSynchronization)
--- End of stack trace from previous location where exception was thrown ---
   at System.Runtime.CompilerServices.TaskAwaiter.ThrowForNonSuccess(Task task)
   at System.Runtime.CompilerServices.TaskAwaiter.HandleNonSuccessAndDebuggerNotification(Task task)
   at System.Web.Http.WebHost.SeekableBufferedRequestStream.&lt;ReadAsync&gt;d__0.MoveNext()
--- End of stack trace from previous location where exception was thrown ---
   at System.Runtime.CompilerServices.TaskAwaiter.ThrowForNonSuccess(Task task)
   at System.Runtime.CompilerServices.TaskAwaiter.HandleNonSuccessAndDebuggerNotification(Task task)
   at Kudu.Services.ByteRanges.HttpRequestMessageExtensions.&lt;CopyToAsync&gt;d__1.MoveNext() in C:\__w\1\s\Kudu.Services\ByteRanges\HttpRequestMessageExtensions.cs:line 55
--- End of stack trace from previous location where exception was thrown ---
   at System.Runtime.CompilerServices.TaskAwaiter.ThrowForNonSuccess(Task task)
   at System.Runtime.CompilerServices.TaskAwaiter.HandleNonSuccessAndDebuggerNotification(Task task)
   at Kudu.Services.Deployment.PushDeploymentController.&lt;WriteSitePackageZip&gt;d__25.MoveNext() in C:\__w\1\s\Kudu.Services\Deployment\PushDeploymentController.cs:line 937
--- End of stack trace from previous location where exception was thrown ---
   at System.Runtime.CompilerServices.TaskAwaiter.ThrowForNonSuccess(Task task)
   at System.Runtime.CompilerServices.TaskAwaiter.HandleNonSuccessAndDebuggerNotification(Task task)
   at Kudu.Services.Deployment.PushDeploymentController.&lt;&gt;c__DisplayClass16_0.&lt;&lt;PushDeployAsync&gt;b__0&gt;d.MoveNext() in C:\__w\1\s\Kudu.Services\Deployment\PushDeploymentController.cs:line 512
--- End of stack trace from previous location where exception was thrown ---
   at System.Runtime.CompilerServices.TaskAwaiter.ThrowForNonSuccess(Task task)
   at System.Runtime.CompilerServices.TaskAwaiter.HandleNonSuccessAndDebuggerNotification(Task task)
   at Kudu.Contracts.Infrastructure.LockExtensions.&lt;LockOperationAsync&gt;d__6.MoveNext()
--- End of stack trace from previous location where exception was thrown ---
   at System.Runtime.CompilerServices.TaskAwaiter.ThrowForNonSuccess(Task task)
   at System.Runtime.CompilerServices.TaskAwaiter.HandleNonSuccessAndDebuggerNotification(Task task)
   at Kudu.Services.Infrastructure.LockExtensions.&lt;LockHttpOperationAsync&gt;d__1.MoveNext() in C:\__w\1\s\Kudu.Services\Infrastructure\LockExtensions.cs:line 30
--- End of stack trace from previous location where exception was thrown ---
   at System.Runtime.CompilerServices.TaskAwaiter.ThrowForNonSuccess(Task task)
   at System.Runtime.CompilerServices.TaskAwaiter.HandleNonSuccessAndDebuggerNotification(Task task)
   at System.Runtime.CompilerServices.TaskAwaiter.ValidateEnd(Task task)
   at Kudu.Services.Deployment.PushDeploymentController.&lt;PushDeployAsync&gt;d__16.MoveNext() in C:\__w\1\s\Kudu.Services\Deployment\PushDeploymentController.cs:line 501
--- End of stack trace from previous location where exception was thrown ---
   at System.Runtime.CompilerServices.TaskAwaiter.ThrowForNonSuccess(Task task)
   at System.Runtime.CompilerServices.TaskAwaiter.HandleNonSuccessAndDebuggerNotification(Task task)
   at Kudu.Services.Deployment.PushDeploymentController.&lt;ZipPushDeploy&gt;d__12.MoveNext() in C:\__w\1\s\Kudu.Services\Deployment\PushDeploymentController.cs:line 103
--- End of stack trace from previous location where exception was thrown ---
   at System.Runtime.CompilerServices.TaskAwaiter.ThrowForNonSuccess(Task task)
   at System.Runtime.CompilerServices.TaskAwaiter.HandleNonSuccessAndDebuggerNotification(Task task)
   at System.Threading.Tasks.TaskHelpersExtensions.&lt;CastToObject&gt;d__3`1.MoveNext()
--- End of stack trace from previous location where exception was thrown ---
   at System.Runtime.CompilerServices.TaskAwaiter.ThrowForNonSuccess(Task task)
   at System.Runtime.CompilerServices.TaskAwaiter.HandleNonSuccessAndDebuggerNotification(Task task)
   at System.Web.Http.Controllers.ApiControllerActionInvoker.&lt;InvokeActionAsyncCore&gt;d__0.MoveNext()
--- End of stack trace from previous location where exception was thrown ---
   at System.Runtime.CompilerServices.TaskAwaiter.ThrowForNonSuccess(Task task)
   at System.Runtime.CompilerServices.TaskAwaiter.HandleNonSuccessAndDebuggerNotification(Task task)
   at System.Web.Http.Filters.ActionFilterAttribute.&lt;CallOnActionExecutedAsync&gt;d__5.MoveNext()
--- End of stack trace from previous location where exception was thrown ---
   at System.Web.Http.Filters.ActionFilterAttribute.&lt;CallOnActionExecutedAsync&gt;d__5.MoveNext()
--- End of stack trace from previous location where exception was thrown ---
   at System.Runtime.CompilerServices.TaskAwaiter.ThrowForNonSuccess(Task task)
   at System.Runtime.CompilerServices.TaskAwaiter.HandleNonSuccessAndDebuggerNotification(Task task)
   at System.Web.Http.Filters.ActionFilterAttribute.&lt;ExecuteActionFilterAsyncCore&gt;d__0.MoveNext()
--- End of stack trace from previous location where exception was thrown ---
   at System.Runtime.CompilerServices.TaskAwaiter.ThrowForNonSuccess(Task task)
   at System.Runtime.CompilerServices.TaskAwaiter.HandleNonSuccessAndDebuggerNotification(Task task)
   at System.Web.Http.Filters.ActionFilterAttribute.&lt;CallOnActionExecutedAsync&gt;d__5.MoveNext()
--- End of stack trace from previous location where exception was thrown ---
   at System.Web.Http.Filters.ActionFilterAttribute.&lt;CallOnActionExecutedAsync&gt;d__5.MoveNext()
--- End of stack trace from previous location where exception was thrown ---
   at System.Runtime.CompilerServices.TaskAwaiter.ThrowForNonSuccess(Task task)
   at System.Runtime.CompilerServices.TaskAwaiter.HandleNonSuccessAndDebuggerNotification(Task task)
   at System.Web.Http.Filters.ActionFilterAttribute.&lt;ExecuteActionFilterAsyncCore&gt;d__0.MoveNext()
--- End of stack trace from previous location where exception was thrown ---
   at System.Runtime.CompilerServices.TaskAwaiter.ThrowForNonSuccess(Task task)
   at System.Runtime.CompilerServices.TaskAwaiter.HandleNonSuccessAndDebuggerNotification(Task task)
   at System.Web.Http.Controllers.ActionFilterResult.&lt;ExecuteAsync&gt;d__2.MoveNext()
--- End of stack trace from previous location where exception was thrown ---
   at System.Runtime.CompilerServices.TaskAwaiter.ThrowForNonSuccess(Task task)
   at System.Runtime.CompilerServices.TaskAwaiter.HandleNonSuccessAndDebuggerNotification(Task task)
   at System.Web.Http.Controllers.ExceptionFilterResult.&lt;ExecuteAsync&gt;d__0.MoveNext()" /><!-- duration: 0ms -->
  <step title="Outgoing response" date="2025-08-16T18:38:49.341" type="response" statusCode="500" statusText="Internal Server Error" Server="Microsoft-IIS/10.0" x-ms-request-id="49ee38ee-7acf-11f0-a93a-00163ebab6ce" Cache-Control="private" X-AspNet-Version="4.0.30319" Content-Type="application/json; charset=utf-8" /><!-- duration: 0ms -->
</step><!-- duration: 394865ms -->
