<step title="Incoming Request" date="2025-08-16T20:06:51.404" instance="92ca53" url="/api/publish?type=zip" method="POST" type="request" pid="14420,2,8" Cache-Control="no-cache" Connection="Keep-Alive" Content-Length="41204737" Content-Type="application/octet-stream" Accept="*/*" Accept-Encoding="gzip, deflate" Authorization="Bas..." Host="bookreviewapp-1755367448.scm.azurewebsites.net" User-Agent="AZURECLI/2.76.0 (DEB)" x-ms-client-request-id="84a61f62-7adc-11f0-80c4-00163ebab6ce" X-ARR-LOG-ID="84a61f62-7adc-11f0-80c4-00163ebab6ce" CLIENT-IP="102.164.1.247:45586" X-SITE-DEPLOYMENT-ID="bookreviewapp-1755367448" WAS-DEFAULT-HOSTNAME="bookreviewapp-1755367448.scm.azurewebsites.net" X-Forwarded-Proto="https" X-AppService-Proto="https" X-Forwarded-TlsVersion="1.3" X-WAWS-Unencoded-URL="/api/publish?type=zip" X-MS-COLDSTART="1" >
  <step title="OneDeploy" date="2025-08-16T20:06:51.592" >
    <step title="Starting PushDeployAsync" date="2025-08-16T20:06:51.623" /><!-- duration: 0ms -->
    <step title="Updating shutdown sentinel last write time" date="2025-08-16T20:06:51.670" SemaphoreCount="7" /><!-- duration: 0ms -->
    <step title="LockFile &apos;C:\home\site\locks\deployments.lock&apos; acquired" date="2025-08-16T20:06:51.670" /><!-- duration: 16ms -->
    <step title="Saving request content to C:\local\Temp\zipdeploy\kaizbajy.zip" date="2025-08-16T20:06:51.686" >
      <step title="Writing 3,223,552 bytes to C:\local\Temp\zipdeploy\kaizbajy.zip" date="2025-08-16T20:07:21.748" /><!-- duration: 0ms -->
      <step title="Writing 6,189,056 bytes to C:\local\Temp\zipdeploy\kaizbajy.zip" date="2025-08-16T20:07:51.863" /><!-- duration: 16ms -->
      <step title="Writing 8,925,184 bytes to C:\local\Temp\zipdeploy\kaizbajy.zip" date="2025-08-16T20:08:21.903" /><!-- duration: 16ms -->
      <step title="Writing 11,874,304 bytes to C:\local\Temp\zipdeploy\kaizbajy.zip" date="2025-08-16T20:08:52.016" /><!-- duration: 16ms -->
      <step title="Writing 14,577,664 bytes to C:\local\Temp\zipdeploy\kaizbajy.zip" date="2025-08-16T20:09:22.115" /><!-- duration: 16ms -->
      <step title="Writing 17,231,872 bytes to C:\local\Temp\zipdeploy\kaizbajy.zip" date="2025-08-16T20:09:52.193" /><!-- duration: 16ms -->
      <step title="Writing 19,935,232 bytes to C:\local\Temp\zipdeploy\kaizbajy.zip" date="2025-08-16T20:10:22.318" /><!-- duration: 16ms -->
      <step title="Writing 22,753,280 bytes to C:\local\Temp\zipdeploy\kaizbajy.zip" date="2025-08-16T20:10:52.725" /><!-- duration: 16ms -->
      <step title="Writing 25,407,488 bytes to C:\local\Temp\zipdeploy\kaizbajy.zip" date="2025-08-16T20:11:23.594" /><!-- duration: 16ms -->
      <step title="Writing 28,012,544 bytes to C:\local\Temp\zipdeploy\kaizbajy.zip" date="2025-08-16T20:11:53.649" /><!-- duration: 16ms -->
      <step title="Writing 30,437,376 bytes to C:\local\Temp\zipdeploy\kaizbajy.zip" date="2025-08-16T20:12:23.876" /><!-- duration: 0ms -->
      <step title="Writing 32,976,896 bytes to C:\local\Temp\zipdeploy\kaizbajy.zip" date="2025-08-16T20:12:53.882" /><!-- duration: 16ms -->
      <step title="Writing 35,778,560 bytes to C:\local\Temp\zipdeploy\kaizbajy.zip" date="2025-08-16T20:13:24.351" /><!-- duration: 0ms -->
      <step title="Writing 39,170,048 bytes to C:\local\Temp\zipdeploy\kaizbajy.zip" date="2025-08-16T20:13:54.523" /><!-- duration: 0ms -->
      <step title="Total 41,204,737 bytes written to C:\local\Temp\zipdeploy\kaizbajy.zip" date="2025-08-16T20:14:15.851" /><!-- duration: 0ms -->
    </step><!-- duration: 444181ms -->
    <step title="LockFile &apos;C:\home\site\locks\deployments.lock&apos; released" date="2025-08-16T20:14:15.867" /><!-- duration: 16ms -->
    <step title="Deleting shutdown sentinel file" date="2025-08-16T20:14:15.883" SemaphoreCount="8" /><!-- duration: 0ms -->
    <step title="Starting FetchDeploy" date="2025-08-16T20:14:15.898" /><!-- duration: 0ms -->
    <step title="Attempting to fetch target branch HEAD" date="2025-08-16T20:14:15.914" /><!-- duration: 0ms -->
    <step title="Updating shutdown sentinel last write time" date="2025-08-16T20:14:15.929" SemaphoreCount="7" /><!-- duration: 0ms -->
    <step title="LockFile &apos;C:\home\site\locks\deployments.lock&apos; acquired" date="2025-08-16T20:14:15.929" /><!-- duration: 16ms -->
    <step title="Performing fetch based deployment" date="2025-08-16T20:14:15.945" >
      <step title="Creating temporary deployment" date="2025-08-16T20:14:15.961" /><!-- duration: 31ms -->
      <step title="Fetching changes." date="2025-08-16T20:14:16.054" /><!-- duration: 16ms -->
      <step title="Starting LocalZipHandler" date="2025-08-16T20:14:16.086" /><!-- duration: 0ms -->
      <step title="Starting LocalZipFetch" date="2025-08-16T20:14:16.086" /><!-- duration: 16ms -->
      <step title="Cleaning up temp folders from previous zip deployments and extracting pushed zip file C:\local\Temp\zipdeploy\kaizbajy.zip (39.30 MB) to C:\local\Temp\zipdeploy\extracted" date="2025-08-16T20:14:16.101" /><!-- duration: 16ms -->
      <step title="Cleaning up temp folders from previous zip deployments and extracting pushed zip file C:\local\Temp\zipdeploy\kaizbajy.zip (39.30 MB) to C:\local\Temp\zipdeploy\extracted" date="2025-08-16T20:14:16.117" >
        <step title="Extracting 288 entries to C:\local\Temp\zipdeploy\extracted directory" date="2025-08-16T20:14:16.133" >
          <step title="Extracting to C:\local\Temp\zipdeploy\extracted\appsettings.Atlas.json ..." date="2025-08-16T20:14:16.133" /><!-- duration: 0ms -->
          <step title="Extracting to C:\local\Temp\zipdeploy\extracted\appsettings.json ..." date="2025-08-16T20:14:16.148" /><!-- duration: 0ms -->
          <step title="Extracting to C:\local\Temp\zipdeploy\extracted\appsettings.LocalMongo.json ..." date="2025-08-16T20:14:16.148" /><!-- duration: 16ms -->
          <step title="Extracting to C:\local\Temp\zipdeploy\extracted\appsettings.Production.json ..." date="2025-08-16T20:14:16.164" /><!-- duration: 0ms -->
          <step title="Extracting to C:\local\Temp\zipdeploy\extracted\appsettings.Development.json ..." date="2025-08-16T20:14:16.179" /><!-- duration: 0ms -->
          <step title="Omitting extracting file traces ..." date="2025-08-16T20:14:16.179" /><!-- duration: 16ms -->
        </step><!-- duration: 1172ms -->
      </step><!-- duration: 1188ms -->
      <step title="None repository commit" date="2025-08-16T20:14:17.320" >
        <step title="Commit id: 58bdeff7cacd4b6ab8c5eeacc9a29f23" date="2025-08-16T20:14:17.320" Message="OneDeploy" AuthorName="N/A" AuthorEmail="N/A" /><!-- duration: 0ms -->
      </step><!-- duration: 0ms -->
      <step title="Before sending BuildRequestReceived status to /api/updatedeploystatus" date="2025-08-16T20:14:17.336" /><!-- duration: 0ms -->
      <step title="DeploymentManager.Deploy(id:58bdeff7cacd4b6ab8c5eeacc9a29f23)" date="2025-08-16T20:14:17.336" >
        <step title="Collecting changeset information" date="2025-08-16T20:14:17.351" /><!-- duration: 47ms -->
        <step title="Updating submodules" date="2025-08-16T20:14:17.398" >
          <step title="Updating submodules." date="2025-08-16T20:14:17.445" /><!-- duration: 16ms -->
        </step><!-- duration: 63ms -->
        <step title="Preparing deployment for commit id &apos;58bdeff7ca&apos;." date="2025-08-16T20:14:17.508" /><!-- duration: 16ms -->
        <step title="Determining deployment builder" date="2025-08-16T20:14:17.570" >
          <step title="Builder is OneDeployBuilder" date="2025-08-16T20:14:17.570" /><!-- duration: 0ms -->
        </step><!-- duration: 16ms -->
        <step title="Copying SSH keys" date="2025-08-16T20:14:17.601" /><!-- duration: 0ms -->
        <step title="Building" date="2025-08-16T20:14:17.617" >
          <step title="Running build. Project type: OneDeploy" date="2025-08-16T20:14:17.664" /><!-- duration: 0ms -->
          <step title="Copying the manifest" date="2025-08-16T20:14:17.711" /><!-- duration: 16ms -->
          <step title="Clean deploying to C:\home\site\wwwroot" date="2025-08-16T20:14:17.789" /><!-- duration: 0ms -->
          <step title="Generating deployment script." date="2025-08-16T20:14:17.836" /><!-- duration: 0ms -->
          <step title="Generating deployment script" date="2025-08-16T20:14:17.851" >
            <step title="Using the following command to generate deployment script: &apos;azure site deploymentscript -y --no-dot-deployment -r &quot;C:\local\Temp\zipdeploy\extracted&quot; -o &quot;C:\home\site\deployments\tools&quot; --basic --sitePath &quot;C:\local\Temp\zipdeploy\extracted&quot;&apos;." date="2025-08-16T20:14:17.898" /><!-- duration: 16ms -->
            <step title="Executing external process" date="2025-08-16T20:14:17.929" type="process" path="starter.cmd" arguments="&quot;C:\Program Files (x86)\SiteExtensions\Kudu\2025.06.2.6\bin\node_modules\.bin\kuduscript.cmd&quot; -y --no-dot-deployment -r &quot;C:\local\Temp\zipdeploy\extracted&quot; -o &quot;C:\home\site\deployments\tools&quot; --basic --sitePath &quot;C:\local\Temp\zipdeploy\extracted&quot;" >
              <step title="Generating deployment script for Web Site" date="2025-08-16T20:14:18.054" /><!-- duration: 16ms -->
              <step title="Generated deployment script files" date="2025-08-16T20:14:18.086" /><!-- duration: 0ms -->
            </step><!-- duration: 156ms -->
            <step title="Saved cached version of the deployment script for command -y --no-dot-deployment -r &quot;C:\local\Temp\zipdeploy\extracted&quot; -o &quot;C:\home\site\deployments\tools&quot; --basic --sitePath &quot;C:\local\Temp\zipdeploy\extracted&quot;" date="2025-08-16T20:14:18.101" /><!-- duration: 0ms -->
          </step><!-- duration: 266ms -->
          <step title="Running deployment command..." date="2025-08-16T20:14:18.179" /><!-- duration: 0ms -->
          <step title="Command: &quot;C:\home\site\deployments\tools\deploy.cmd&quot;" date="2025-08-16T20:14:18.195" /><!-- duration: 0ms -->
          <step title="Executing external process" date="2025-08-16T20:14:18.211" type="process" path="starter.cmd" arguments="&quot;C:\home\site\deployments\tools\deploy.cmd&quot;" >
            <step title="Handling Basic Web Site deployment." date="2025-08-16T20:14:18.320" /><!-- duration: 16ms -->
            <step title="Creating app_offline.htm" date="2025-08-16T20:14:18.586" /><!-- duration: 16ms -->
            <step title="KuduSync.NET from: &apos;C:\local\Temp\zipdeploy\extracted&apos; to: &apos;C:\home\site\wwwroot&apos;" date="2025-08-16T20:14:18.617" /><!-- duration: 0ms -->
            <step title="Deleting file: &apos;hostingstart.html&apos;" date="2025-08-16T20:14:18.633" /><!-- duration: 0ms -->
            <step title="Copying file: &apos;appsettings.Atlas.json&apos;" date="2025-08-16T20:14:18.648" /><!-- duration: 0ms -->
            <step title="Copying file: &apos;appsettings.Development.json&apos;" date="2025-08-16T20:14:18.664" /><!-- duration: 16ms -->
            <step title="Copying file: &apos;appsettings.json&apos;" date="2025-08-16T20:14:18.679" /><!-- duration: 16ms -->
            <step title="Copying file: &apos;appsettings.LocalMongo.json&apos;" date="2025-08-16T20:14:18.711" /><!-- duration: 0ms -->
            <step title="Copying file: &apos;appsettings.Production.json&apos;" date="2025-08-16T20:14:18.726" /><!-- duration: 0ms -->
            <step title="Copying file: &apos;AWSSDK.Core.dll&apos;" date="2025-08-16T20:14:18.742" /><!-- duration: 0ms -->
            <step title="Copying file: &apos;AWSSDK.SecurityToken.dll&apos;" date="2025-08-16T20:14:18.758" /><!-- duration: 0ms -->
            <step title="Copying file: &apos;Azure.Core.dll&apos;" date="2025-08-16T20:14:18.773" /><!-- duration: 0ms -->
            <step title="Copying file: &apos;Azure.Identity.dll&apos;" date="2025-08-16T20:14:18.789" /><!-- duration: 16ms -->
            <step title="Copying file: &apos;BookReviewApp.Data.dll&apos;" date="2025-08-16T20:14:18.804" /><!-- duration: 16ms -->
            <step title="Copying file: &apos;BookReviewApp.Data.pdb&apos;" date="2025-08-16T20:14:18.836" /><!-- duration: 0ms -->
            <step title="Copying file: &apos;BookReviewApp.Domain.dll&apos;" date="2025-08-16T20:14:18.851" /><!-- duration: 0ms -->
            <step title="Copying file: &apos;BookReviewApp.Domain.pdb&apos;" date="2025-08-16T20:14:18.867" /><!-- duration: 0ms -->
            <step title="Copying file: &apos;BookReviewApp.Services.dll&apos;" date="2025-08-16T20:14:18.883" /><!-- duration: 0ms -->
            <step title="Copying file: &apos;BookReviewApp.Services.pdb&apos;" date="2025-08-16T20:14:18.898" /><!-- duration: 0ms -->
            <step title="Copying file: &apos;BookReviewApp.Web&apos;" date="2025-08-16T20:14:18.914" /><!-- duration: 16ms -->
            <step title="Copying file: &apos;BookReviewApp.Web.deps.json&apos;" date="2025-08-16T20:14:18.929" /><!-- duration: 16ms -->
            <step title="Copying file: &apos;BookReviewApp.Web.dll&apos;" date="2025-08-16T20:14:18.961" /><!-- duration: 0ms -->
            <step title="Copying file: &apos;BookReviewApp.Web.pdb&apos;" date="2025-08-16T20:14:18.976" /><!-- duration: 0ms -->
            <step title="Copying file: &apos;BookReviewApp.Web.runtimeconfig.json&apos;" date="2025-08-16T20:14:18.992" /><!-- duration: 0ms -->
            <step title="Copying file: &apos;DnsClient.dll&apos;" date="2025-08-16T20:14:19.023" /><!-- duration: 0ms -->
            <step title="Copying file: &apos;Microsoft.Bcl.AsyncInterfaces.dll&apos;" date="2025-08-16T20:14:19.039" /><!-- duration: 0ms -->
            <step title="Copying file: &apos;Microsoft.Data.SqlClient.dll&apos;" date="2025-08-16T20:14:19.054" /><!-- duration: 0ms -->
            <step title="Copying file: &apos;Microsoft.Data.Sqlite.dll&apos;" date="2025-08-16T20:14:19.070" /><!-- duration: 0ms -->
            <step title="Copying file: &apos;Microsoft.EntityFrameworkCore.Abstractions.dll&apos;" date="2025-08-16T20:14:19.086" /><!-- duration: 16ms -->
            <step title="Copying file: &apos;Microsoft.EntityFrameworkCore.dll&apos;" date="2025-08-16T20:14:19.101" /><!-- duration: 16ms -->
            <step title="Copying file: &apos;Microsoft.EntityFrameworkCore.Relational.dll&apos;" date="2025-08-16T20:14:19.133" /><!-- duration: 0ms -->
            <step title="Copying file: &apos;Microsoft.EntityFrameworkCore.Sqlite.dll&apos;" date="2025-08-16T20:14:19.148" /><!-- duration: 0ms -->
            <step title="Copying file: &apos;Microsoft.EntityFrameworkCore.SqlServer.dll&apos;" date="2025-08-16T20:14:19.164" /><!-- duration: 0ms -->
            <step title="Copying file: &apos;Microsoft.Extensions.Caching.Abstractions.dll&apos;" date="2025-08-16T20:14:19.179" /><!-- duration: 16ms -->
            <step title="Copying file: &apos;Microsoft.Extensions.Caching.Memory.dll&apos;" date="2025-08-16T20:14:19.195" /><!-- duration: 16ms -->
            <step title="Copying file: &apos;Microsoft.Extensions.Configuration.Abstractions.dll&apos;" date="2025-08-16T20:14:19.242" /><!-- duration: 0ms -->
            <step title="Copying file: &apos;Microsoft.Extensions.DependencyInjection.Abstractions.dll&apos;" date="2025-08-16T20:14:19.273" /><!-- duration: 0ms -->
            <step title="Copying file: &apos;Microsoft.Extensions.DependencyInjection.dll&apos;" date="2025-08-16T20:14:19.289" /><!-- duration: 0ms -->
            <step title="Copying file: &apos;Microsoft.Extensions.DependencyModel.dll&apos;" date="2025-08-16T20:14:19.304" /><!-- duration: 0ms -->
            <step title="Copying file: &apos;Microsoft.Extensions.Diagnostics.Abstractions.dll&apos;" date="2025-08-16T20:14:19.320" /><!-- duration: 0ms -->
            <step title="Copying file: &apos;Microsoft.Extensions.Hosting.Abstractions.dll&apos;" date="2025-08-16T20:14:19.336" /><!-- duration: 0ms -->
            <step title="Copying file: &apos;Microsoft.Extensions.Logging.Abstractions.dll&apos;" date="2025-08-16T20:14:19.351" /><!-- duration: 16ms -->
            <step title="Copying file: &apos;Microsoft.Extensions.Logging.dll&apos;" date="2025-08-16T20:14:19.367" /><!-- duration: 16ms -->
            <step title="Copying file: &apos;Microsoft.Extensions.ObjectPool.dll&apos;" date="2025-08-16T20:14:19.398" /><!-- duration: 0ms -->
            <step title="Copying file: &apos;Microsoft.Extensions.Options.dll&apos;" date="2025-08-16T20:14:19.414" /><!-- duration: 0ms -->
            <step title="Copying file: &apos;Microsoft.Extensions.Primitives.dll&apos;" date="2025-08-16T20:14:19.429" /><!-- duration: 0ms -->
            <step title="Copying file: &apos;Microsoft.Extensions.WebEncoders.dll&apos;" date="2025-08-16T20:14:19.445" /><!-- duration: 0ms -->
            <step title="Copying file: &apos;Microsoft.Identity.Client.dll&apos;" date="2025-08-16T20:14:19.461" /><!-- duration: 0ms -->
            <step title="Copying file: &apos;Microsoft.Identity.Client.Extensions.Msal.dll&apos;" date="2025-08-16T20:14:19.476" /><!-- duration: 0ms -->
            <step title="Copying file: &apos;Microsoft.IdentityModel.Abstractions.dll&apos;" date="2025-08-16T20:14:19.492" /><!-- duration: 16ms -->
            <step title="Copying file: &apos;Microsoft.IdentityModel.JsonWebTokens.dll&apos;" date="2025-08-16T20:14:19.508" /><!-- duration: 16ms -->
            <step title="Omitting next output lines..." date="2025-08-16T20:14:19.539" /><!-- duration: 0ms -->
            <step title="Finished successfully." date="2025-08-16T20:14:21.367" /><!-- duration: 0ms -->
          </step><!-- duration: 3172ms -->
          <step title="Build completed succesfully." date="2025-08-16T20:14:21.429" /><!-- duration: 0ms -->
          <step title="Running post deployment command(s)..." date="2025-08-16T20:14:21.476" /><!-- duration: 0ms -->
          <step title="Requesting site restart" date="2025-08-16T20:14:21.539" /><!-- duration: 0ms -->
          <step title="Requesting site restart" date="2025-08-16T20:14:21.554" /><!-- duration: 0ms -->
          <step title="Requesting site restart. Attempt #1" date="2025-08-16T20:14:21.601" /><!-- duration: 0ms -->
          <step title="Requesting site restart. Attempt #1" date="2025-08-16T20:14:21.617" /><!-- duration: 0ms -->
          <step title="Successfully requested a restart. Attempt #1" date="2025-08-16T20:14:21.804" /><!-- duration: 0ms -->
          <step title="Successfully requested a restart. Attempt #1" date="2025-08-16T20:14:21.820" /><!-- duration: 0ms -->
          <step title="Deployment successful. DEPLOYMENTINFO: deploymentPath = OneDeploy, deployer = OneDeploy, os = windows, sku = Free, siteName = bookreviewapp-1755367448, siteHostName = bookreviewapp-1755367448.azurewebsites.net, deploymentStatus = Success" date="2025-08-16T20:14:21.851" /><!-- duration: 16ms -->
        </step><!-- duration: 4500ms -->
      </step><!-- duration: 4797ms -->
      <step title="Cleaning up temp files" date="2025-08-16T20:14:22.133" /><!-- duration: 0ms -->
      <step title="Skip function trigger and logicapp sync because function is not enabled." date="2025-08-16T20:14:22.148" /><!-- duration: 0ms -->
    </step><!-- duration: 6266ms -->
    <step title="LockFile &apos;C:\home\site\locks\deployments.lock&apos; released" date="2025-08-16T20:14:22.226" /><!-- duration: 0ms -->
    <step title="Deleting shutdown sentinel file" date="2025-08-16T20:14:22.242" SemaphoreCount="8" /><!-- duration: 0ms -->
  </step><!-- duration: 450666ms -->
  <step title="Outgoing response" date="2025-08-16T20:14:22.289" type="response" statusCode="200" statusText="OK" Server="Microsoft-IIS/10.0" x-ms-request-id="84a61f62-7adc-11f0-80c4-00163ebab6ce" Cache-Control="private" X-AspNet-Version="4.0.30319" /><!-- duration: 0ms -->
</step><!-- duration: 450900ms -->
