﻿<?xml version="1.0" encoding="utf-8"?>
<deployment>
  <id>c7f4eb8076e544f391f1eacdf3a31513</id>
  <author>N/A</author>
  <deployer>OneDeploy</deployer>
  <authorEmail>N/A</authorEmail>
  <message>OneDeploy</message>
  <progress></progress>
  <status>Success</status>
  <statusText></statusText>
  <lastSuccessEndTime>2025-08-16T19:25:44.3308916Z</lastSuccessEndTime>
  <receivedTime>2025-08-16T19:25:43.5965182Z</receivedTime>
  <startTime>2025-08-16T19:25:43.7527682Z</startTime>
  <endTime>2025-08-16T19:25:44.3308916Z</endTime>
  <complete>True</complete>
  <is_temp>False</is_temp>
  <is_readonly>True</is_readonly>
  <project_type>Run-From-Zip</project_type>
  <vsproject_id></vsproject_id>
</deployment>