{"TimeStamp":"2025-08-17T17:33:11Z","SiteName":"bookreviewapp-1755367448","RequestId":"447859c4-7b8f-11f0-b67a-00163ebab6ce","Kind":"OneDeploy","Status":"Success","Details":"{\"Id\":\"7a3066e940664006b82f5bef59191823\",\"Status\":4,\"StatusText\":\"\",\"AuthorEmail\":\"N/A\",\"Author\":\"N/A\",\"Message\":\"OneDeploy\",\"Progress\":\"\",\"Deployer\":\"OneDeploy\",\"ReceivedTime\":\"2025-08-17T17:33:06.677737Z\",\"StartTime\":\"2025-08-17T17:33:06.8183609Z\",\"EndTime\":\"2025-08-17T17:33:10.9751292Z\",\"LastSuccessEndTime\":\"2025-08-17T17:33:10.9751292Z\",\"Complete\":true,\"IsTemporary\":false,\"IsReadOnly\":true,\"SiteName\":\"bookreviewapp-1755367448\",\"HostName\":\"bookreviewapp-1755367448.scm.azurewebsites.net\",\"ProjectType\":\"OneDeploy\",\"VsProjectId\":null}"}