﻿<?xml version="1.0" encoding="utf-8"?>
<deployment>
  <id>eacba18cce2e4670acd2dd625f0b2b3b</id>
  <author>N/A</author>
  <deployer>OneDeploy</deployer>
  <authorEmail>N/A</authorEmail>
  <message>OneDeploy</message>
  <progress></progress>
  <status>Success</status>
  <statusText></statusText>
  <lastSuccessEndTime>2025-08-16T19:40:59.0759385Z</lastSuccessEndTime>
  <receivedTime>2025-08-16T19:40:58.3571874Z</receivedTime>
  <startTime>2025-08-16T19:40:58.5134375Z</startTime>
  <endTime>2025-08-16T19:40:59.0759385Z</endTime>
  <complete>True</complete>
  <is_temp>False</is_temp>
  <is_readonly>True</is_readonly>
  <project_type>Run-From-Zip</project_type>
  <vsproject_id></vsproject_id>
</deployment>