﻿<?xml version="1.0" encoding="utf-8"?>
<deployment>
  <id>7a3066e940664006b82f5bef59191823</id>
  <author>N/A</author>
  <deployer>OneDeploy</deployer>
  <authorEmail>N/A</authorEmail>
  <message>OneDeploy</message>
  <progress></progress>
  <status>Success</status>
  <statusText></statusText>
  <lastSuccessEndTime>2025-08-17T17:33:10.9751292Z</lastSuccessEndTime>
  <receivedTime>2025-08-17T17:33:06.677737Z</receivedTime>
  <startTime>2025-08-17T17:33:06.8183609Z</startTime>
  <endTime>2025-08-17T17:33:10.9751292Z</endTime>
  <complete>True</complete>
  <is_temp>False</is_temp>
  <is_readonly>True</is_readonly>
  <project_type>OneDeploy</project_type>
  <vsproject_id></vsproject_id>
</deployment>