﻿<?xml version="1.0" encoding="utf-8"?>
<deployment>
  <id>59f9254c546b402aa78a9c826f9a602c</id>
  <author>N/A</author>
  <deployer>OneDeploy</deployer>
  <authorEmail>N/A</authorEmail>
  <message>OneDeploy</message>
  <progress></progress>
  <status>Success</status>
  <statusText></statusText>
  <lastSuccessEndTime>2025-08-17T14:21:56.5285209Z</lastSuccessEndTime>
  <receivedTime>2025-08-17T14:21:52.4643768Z</receivedTime>
  <startTime>2025-08-17T14:21:52.636252Z</startTime>
  <endTime>2025-08-17T14:21:56.5285209Z</endTime>
  <complete>True</complete>
  <is_temp>False</is_temp>
  <is_readonly>True</is_readonly>
  <project_type>OneDeploy</project_type>
  <vsproject_id></vsproject_id>
</deployment>