﻿<?xml version="1.0" encoding="utf-8"?>
<deployment>
  <id>58bdeff7cacd4b6ab8c5eeacc9a29f23</id>
  <author>N/A</author>
  <deployer>OneDeploy</deployer>
  <authorEmail>N/A</authorEmail>
  <message>OneDeploy</message>
  <progress></progress>
  <status>Success</status>
  <statusText></statusText>
  <lastSuccessEndTime>2025-08-16T20:14:21.8830174Z</lastSuccessEndTime>
  <receivedTime>2025-08-16T20:14:17.3673862Z</receivedTime>
  <startTime>2025-08-16T20:14:17.5392605Z</startTime>
  <endTime>2025-08-16T20:14:21.8830174Z</endTime>
  <complete>True</complete>
  <is_temp>False</is_temp>
  <is_readonly>True</is_readonly>
  <project_type>OneDeploy</project_type>
  <vsproject_id></vsproject_id>
</deployment>