﻿<?xml version="1.0" encoding="utf-8"?>
<deployment>
  <id>7890e9517e084d1986e573e67750c4e4</id>
  <author>N/A</author>
  <deployer>ZipDeploy</deployer>
  <authorEmail>N/A</authorEmail>
  <message>Created via a push deployment</message>
  <progress></progress>
  <status>Success</status>
  <statusText></statusText>
  <lastSuccessEndTime>2025-08-16T21:28:50.6832696Z</lastSuccessEndTime>
  <receivedTime>2025-08-16T21:28:46.7301574Z</receivedTime>
  <startTime>2025-08-16T21:28:46.8707634Z</startTime>
  <endTime>2025-08-16T21:28:50.6832696Z</endTime>
  <complete>True</complete>
  <is_temp>False</is_temp>
  <is_readonly>True</is_readonly>
  <project_type>BASIC</project_type>
  <vsproject_id></vsproject_id>
</deployment>