﻿<?xml version="1.0" encoding="utf-8"?>
<deployment>
  <id>f4f05a82e02345cca2ccd5b3b854200e</id>
  <author>N/A</author>
  <deployer>OneDeploy</deployer>
  <authorEmail>N/A</authorEmail>
  <message>OneDeploy</message>
  <progress></progress>
  <status>Success</status>
  <statusText></statusText>
  <lastSuccessEndTime>2025-08-17T13:27:55.5073097Z</lastSuccessEndTime>
  <receivedTime>2025-08-17T13:27:50.7416779Z</receivedTime>
  <startTime>2025-08-17T13:27:50.8979278Z</startTime>
  <endTime>2025-08-17T13:27:55.5073097Z</endTime>
  <complete>True</complete>
  <is_temp>False</is_temp>
  <is_readonly>True</is_readonly>
  <project_type>OneDeploy</project_type>
  <vsproject_id></vsproject_id>
</deployment>