﻿<?xml version="1.0" encoding="utf-8"?>
<deployment>
  <id>f26e72f33203463e9c8f2d21bb5c6ccb</id>
  <author>N/A</author>
  <deployer>OneDeploy</deployer>
  <authorEmail>N/A</authorEmail>
  <message>OneDeploy</message>
  <progress></progress>
  <status>Success</status>
  <statusText></statusText>
  <lastSuccessEndTime>2025-08-16T18:57:00.5291093Z</lastSuccessEndTime>
  <receivedTime>2025-08-16T18:56:59.8101135Z</receivedTime>
  <startTime>2025-08-16T18:56:59.9663632Z</startTime>
  <endTime>2025-08-16T18:57:00.5291093Z</endTime>
  <complete>True</complete>
  <is_temp>False</is_temp>
  <is_readonly>True</is_readonly>
  <project_type>Run-From-Zip</project_type>
  <vsproject_id></vsproject_id>
</deployment>